Round,Multiplier
1,1.18
2,5.19
3,1.08
4,2.29
5,2.74
6,38.36
7,11.17
8,1.4
9,4.97
10,1.03
11,4.82
12,9.43
13,1.46
14,8.01
15,3.31
16,1.57
17,2.35
18,1.69
19,1.18
20,1.52
21,1.15
22,1.26
23,2.94
24,1.02
25,1
26,5.99
27,6.29
28,1.53
29,5.5
30,1.04
31,1.4
32,4.61
33,75.11
34,4.1
35,2.25
36,1.99
37,1.32
38,16.61
39,1.01
40,1.78
41,2.35
42,1.03
43,6.1
44,1.21
45,2.54
46,1
47,1.76
48,1.75
49,2.57
50,3.56
51,1.04
52,1.12
53,4.44
54,2.13
55,8.43
56,1.12
57,9.71
58,1.28
59,1.22
60,1.59
61,17.75
62,1.02
63,15.1
64,4.23
65,1.92
66,4.77
67,1.04
68,3.08
69,1.96
70,2.21
71,1.72
72,2.22
73,1.34
74,43.18
75,2.44
76,1.75
77,1.07
78,3.07
79,6.95
80,1.64
81,5.49
82,4.41
83,1.51
84,1.53
85,1.45
86,2.01
87,2.37
88,2.12
89,1.23
90,1
91,2.08
92,1.77
93,8.19
94,1.87
95,1.81
96,4.84
97,1.06
98,241.91
99,2.56
100,1.32
101,1.47
102,11.5
103,2.73
104,3.28
105,1.36
106,4.17
107,3.29
108,1
109,1.74
110,1.11
111,1.05
112,1.7
113,7.22
114,260.14
115,5.55
116,197.76
117,2.39
118,1.35
119,1.46
120,2.45
121,3.76
122,6.67
123,1.98
124,1.77
125,1.58
126,1.13
127,2.73
128,1.27
129,1.93
130,5.83
131,2.65
132,1.52
133,1.6
134,1
135,1.12
136,1.82
137,149.18
138,2.92
139,1.7
140,1.49
141,2.49
142,1.39
143,4.35
144,1.69
145,50.93
146,1.86
147,2.96
148,1.19
149,6.35
150,2.51
151,1.1
152,4.4
153,3.15
154,2.81
155,1.17
156,11.97
157,1.05
158,4.17
159,1.92
160,2.01
161,2.36
162,1.48
163,500.61
164,4.67
165,65.89
166,3.6
167,1.05
168,2.38
169,3.66
170,1.01
171,1.66
172,1.18
173,1.01
174,2.18
175,1.52
176,1.63
177,1.03
178,4.01
179,1.23
180,5.7
181,1.19
182,2.44
183,1.33
184,1.22
185,1.37
186,1.18
187,6.62
188,1.36
189,4.58
190,1.03
191,1.2
192,8.55
193,4.61
194,1
195,7.35
196,1.15
197,1.4
198,4.35
199,2.31
200,3.44
201,2.03
202,2.66
203,7.03
204,5.72
205,5.33
206,1
207,2.43
208,1.18
209,1.65
210,2.26
211,1.13
212,1.17
213,1.95
214,2.36
215,1.96
216,1.57
217,4.94
218,4.21
219,9.55
220,1.19
221,1
222,3.15
223,1.01
224,1.47
225,1
226,2.36
227,1.26
228,2.54
229,1.38
230,1.1
231,6.87
232,3.03
233,3.18
234,14.57
235,38.44
236,1.06
237,1.2
238,13.22
239,1.4
240,3.27
241,1.52
242,1.36
243,1.02
244,1.02
245,2.53
246,1.35
247,1.19
248,1.29
249,2.63
250,14.17
251,1.35
252,2.23
253,1.04
254,5.2
255,1.15
256,2.12
257,1.21
258,1.85
259,1.29
260,1.04
261,1.5
262,2.12
263,2.96
264,6.86
265,1.79
266,1
267,9.3
268,1.1
269,4.21
270,1.17
271,1.34
272,2.97
273,1.77
274,1053.2
275,59.74
276,1.58
277,6.18
278,1.02
279,27.8
280,3.23
281,1.11
282,1.81
283,9.02
284,16.15
285,1.26
286,2.63
287,3.59
288,53.89
289,1.71
290,4.32
291,7.09
292,2.25
293,1.72
294,1.05
295,67.75
296,24.48
297,2.48
298,4.14
299,1.05
300,1.32
301,9.59
302,1.14
303,1.63
304,1.67
305,1.68
306,5.86
307,2.38
308,1.46
309,1.01
310,1.11
311,2.19
312,2.02
313,2.06
314,1.35
315,1.16
316,1.66
317,1.8
318,1.59
319,1.51
320,2.83
321,8.02
322,2.13
323,2.3
324,1.32
325,1.07
326,1.42
327,1.07
328,5.94
329,1.85
330,1
331,10.5
332,1.02
333,1.68
334,2.14
335,1.47
336,4.45
337,2.91
338,1.09
339,1.61
340,2.62
341,5.11
342,1.83
343,1.13
344,1.17
345,1.82
346,3
347,2.85
348,1.12
349,1.12
350,1.61
351,8.64
352,1.12
353,1.37
354,2.33
355,1.5
356,5.42
357,10.99
358,2.09
359,1.11
360,1.18
361,3.48
362,3.11
363,3.48
364,1.58
365,1.08
366,2.21
367,1.51
368,3.23
369,2.37
370,1.52
371,2.9
372,77.78
373,4.36
374,4
375,1.34
376,1.81
377,3.6
378,22.36
379,3.69
380,1.9
381,2.15
382,1.15
383,4.68
384,1.1
385,3.98
386,3.12
387,1.01
388,1.14
389,1.15
390,1.66
391,1
392,1.1
393,1
394,1.06
395,1.07
396,3.08
397,1.99
398,5.04
399,1.07
400,1.7
401,2.49
402,4.08
403,5.5
404,1.47
405,1.9
406,1.89
407,1.3
408,1.05
409,1.15
410,1.38
411,5.96
412,4.63
413,1.09
414,2.55
415,3.09
416,4.2
417,12.15
418,1.39
419,2.21
420,6.82
421,151.07
422,1.64
423,1.45
424,7.43
425,41.4
426,1.42
427,1.43
428,3.03
429,5.3
430,1.07
431,9.03
432,2.07
433,2.12
434,1.21
435,1.18
436,3.58
437,9.63
438,2.76
439,36.22
440,4.84
441,2.02
442,7.34
443,1.51
444,2.32
445,1
446,1.72
447,5.3
448,1
449,75
450,2.4
451,1.16
452,2.41
453,2.21
454,132
455,1.24
456,1.63
457,1.74
458,3.44
459,16.6
460,2.09
461,1.91
462,1.16
463,2.25
464,2.8
465,2.56
466,1
467,1.73
468,1.65
469,1.88
470,2.36
471,1.39
472,4.18
473,1.5
474,1
475,3.82
476,3.11
477,1.26
478,6.91
479,3.78
480,2.51
481,1.98
482,2.6
483,1.11
484,2.22
485,1.53
486,5.18
487,3.73
488,1.71
489,1.01
490,1.27
491,1.33
492,5.92
493,3.22
494,21.34
495,11.53
496,5.51
497,1.02
498,1.36
499,1.03
500,1.13
501,2.63
502,3.27
503,1.11
504,1.18
505,2.17
506,3.84
507,1
508,1.23
509,1.42
510,4.01
511,6.73
512,1.31
513,3.58
514,1.01
515,4.16
516,1.43
517,12.37
518,1.93
519,4.37
520,2.83
521,1.43
522,2.19
523,2.61
524,1.68
525,1.24
526,1.83
527,3.47
528,1.01
529,3.35
530,1.17
531,1.18
532,1.15
533,3.7
534,1
535,2.02
536,1.57
537,10.08
538,1.2
539,1.28
540,2.32
541,3.71
542,4.08
543,3.17
544,1.63
545,11.17
546,1.39
547,1.07
548,43.5
549,3.97
550,1.84
551,2.02
552,1.66
553,1.69
554,1.22
555,2.43
556,1.85
557,2.26
558,2.45
559,1.26
560,15.04
561,1.24
562,1.03
563,18.59
564,1.83
565,1
566,1.98
567,1.2
568,1.43
569,1.07
570,1.02
571,2.67
572,2.01
573,5.57
574,8.54
575,3.47
576,1.11
577,3.17
578,1.72
579,3.17
580,1.29
581,7.69
582,4.93
583,2.04
584,4.07
585,6.32
586,1.07
587,3.93
588,10.41
589,1.22
590,24.01
591,1.44
592,1.24
593,2.91
594,1.3
595,1.87
596,1.63
597,1.52
598,3.17
599,16.7
600,1.1
601,3.3
602,2.01
603,2.03
604,73.13
605,10.57
606,1.76
607,3.77
608,1
609,39.93
610,2.44
611,1.18
612,1.55
613,1.35
614,2.88
615,1.3
616,1.08
617,8.76
618,1.59
619,4.59
620,1.25
621,4.24
622,2.5
623,4.42
624,3.39
625,2.92
626,11.26
627,3.62
628,14.2
629,2.29
630,1.25
631,1.04
632,2.67
633,3.61
634,3.99
635,2.69
636,2.34
637,1.11
638,3.14
639,6.68
640,1.78
641,1.34
642,1.18
643,1.03
644,1.61
645,1.64
646,14.54
647,2.14
648,1.17
649,2.23
650,13.49
651,7.83
652,2.02
653,1.24
654,1.12
655,2.61
656,1.86
657,1.66
658,1.83
659,1.19
660,2.46
661,1.42
662,8.03
663,1.41
664,1
665,1.27
666,3.23
667,1.22
668,4.87
669,1.28
670,2.12
671,1.08
672,1.23
673,1.26
674,34.73
675,2.58
676,4.13
677,1.69
678,4.12
679,3.69
680,1.43
681,1.02
682,1.65
683,1.24
684,1.83
685,1.47
686,2.55
687,3.3
688,1.45
689,7.58
690,6.15
691,1.47
692,2.28
693,1.81
694,1.38
695,8.22
696,1.78
697,8.87
698,2.58
699,1.93
700,1.42
701,1.26
702,1.12
703,5.39
704,1.09
705,1.36
706,1.43
707,1.54
708,2.14
709,6.84
710,1.46
711,1
712,1.05
713,2.03
714,2.89
715,20.26
716,2.23
717,1.09
718,1.04
719,1.14
720,1.05
721,6.09
722,1.87
723,1.72
724,13.23
725,1.09
726,4.67
727,4.62
728,1.99
729,5.02
730,2.91
731,1.3
732,3.93
733,1.32
734,1.39
735,1
736,1.99
737,48.34
738,1.7
739,1.63
740,2.72
741,7.7
742,1.33
743,2.84
744,1.5
745,2.03
746,9.83
747,1.17
748,2.86
749,3.74
750,1.06
751,2.47
752,1.13
753,1.01
754,2.03
755,2.2
756,1.49
757,2.4
758,1.07
759,4.31
760,1.36
761,4.89
762,1.3
763,1.41
764,54.88
765,5.46
766,1.04
767,1.01
768,1.26
769,6.79
770,22.64
771,7.76
772,2.39
773,1.06
774,1.24
775,5.5
776,3.55
777,3.75
778,1.42
779,9.15
780,10.04
781,2.43
782,5.94
783,1.08
784,3.33
785,5.39
786,1.56
787,1.01
788,2.46
789,2.29
790,1
791,32.06
792,4.2
793,1.03
794,1.56
795,1.07
796,1.51
797,5.58
798,5.48
799,2.65
800,1.53
801,442.65
802,1.02
803,3.91
804,1.16
805,1.75
806,1.33
807,1.14
808,1.24
809,1.63
810,7.12
811,6.37
812,2.42
813,2.5
814,1.87
815,5.08
816,1.02
817,2.41
818,1.09
819,1.25
820,14.19
821,1.52
822,195.67
823,2.96
824,4.8
825,1.61
826,1.15
827,1
828,2.58
829,1.25
830,3.82
831,3.62
832,1.26
833,12.07
834,1.16
835,1.36
836,2.45
837,3.81
838,7.73
839,1.12
840,5.21
841,4.23
842,3.85
843,5.57
844,1.61
845,1.85
846,2.41
847,2.14
848,1.09
849,3.15
850,1.82
851,1.75
852,1.35
853,1.1
854,11.04
855,1.96
856,1.55
857,1.53
858,1.61
859,6.58
860,7.37
861,1.99
862,2.31
863,1.56
864,1.98
865,6.11
866,1.45
867,2.13
868,2.22
869,1
870,1.02
871,3.36
872,1.37
873,1.21
874,30.35
875,1.65
876,2.16
877,3.59
878,1.01
879,5.86
880,17.53
881,2.61
882,1.55
883,5.47
884,1.6
885,3.99
886,1.23
887,6.52
888,1.34
889,3.26
890,2.67
891,3.34
892,4.95
893,1.05
894,18.37
895,3.79
896,15.74
897,1.38
898,2.46
899,13.01
900,11.79
901,16.15
902,9.52
903,3.75
904,1.59
905,48.85
906,3.73
907,1.78
908,2.29
909,1.07
910,1.25
911,1.58
912,2.69
913,61.9
914,1.25
915,1.29
916,1.49
917,1.55
918,1.54
919,1
920,4.08
921,67.16
922,4.07
923,5.37
924,1.27
925,14.76
926,4.69
927,3.9
928,4.74
929,1.03
930,16.22
931,1.82
932,1.33
933,2.2
934,2.39
935,1.21
936,1.22
937,3.09
938,4.93
939,2.63
940,1.07
941,1.45
942,1.43
943,1.33
944,1.71
945,1.59
946,9.41
947,3.2
948,3.06
949,2.73
950,14.45
951,1.53
952,7.29
953,3.8
954,1.8
955,2.02
956,9.81
957,4.23
958,1.67
959,1
960,1.52
961,1.48
962,1
963,1.08
964,4.47
965,6.04
966,15.58
967,10.55
968,1.2
969,1.4
970,1.74
971,10.29
972,3.04
973,2.3
974,2.13
975,7.92
976,7.01
977,1.14
978,3
979,2.12
980,8.83
981,80.57
982,1.01
983,1.65
984,1.39
985,1.36
986,2.12
987,4.66
988,1.67
989,1.18
990,4.81
991,2.27
992,1.12
993,1.14
994,1.2
995,1.61
996,1.34
997,3.27
998,1.16
999,1.09
1000,1
1001,2.77
1002,1.09
1003,5.08
1004,1.98
1005,6.86
1006,1.22
1007,1.15
1008,1.34
1009,5.1
1010,101.13
1011,2.58
1012,1.37
1013,4.81
1014,1.49
1015,2.31
1016,2.08
1017,18.4
1018,1.03
1019,1.81
1020,2.59
1021,1.23
1022,1.04
1023,1.32
1024,2.05
1025,1.43
1026,1.65
1027,1.22
1028,14.4
1029,2.22
1030,2.04
1031,1.65
1032,1
1033,31.34
1034,30.47
1035,1.37
1036,1.25
1037,3.64
1038,1
1039,14.67
1040,2.75
1041,1.01
1042,1.74
1043,3.29
1044,1.18
1045,1.74
1046,2.9
1047,1.74
1048,3.14
1049,4.35
1050,1.27
1051,3.42
1052,5.69
1053,2.22
1054,1.96
1055,34.61
1056,2.38
1057,1.69
1058,1.07
1059,1.4
1060,1.27
1061,2.51
1062,3.08
1063,1.64
1064,5.38
1065,1.2
1066,1.42
1067,68.81
1068,10.85
1069,3.19
1070,12.55
1071,1.16
1072,5.32
1073,1.44
1074,1.25
1075,2.94
1076,1
1077,5.97
1078,7.38
1079,1.47
1080,1.08
1081,1
1082,1.95
1083,2.5
1084,3.59
1085,22.26
1086,1.27
1087,1.3
1088,2.1
1089,6.04
1090,1.57
1091,1.47
1092,1.78
1093,1.06
1094,7.42
1095,1.2
1096,5.05
1097,11.24
1098,2.96
1099,1.14
1100,1.07
1101,17.75
1102,16.57
1103,1.34
1104,2.07
1105,1
1106,1.41
1107,1.07
1108,1.09
1109,3.69
1110,1.72
1111,2.36
1112,1.24
1113,1.2
1114,1.02
1115,1.39
1116,5.17
1117,52.01
1118,14.66
1119,1.15
1120,18.12
1121,1.79
1122,4.31
1123,2.92
1124,1.81
1125,6.34
1126,1.01
1127,1.9
1128,3.39
1129,10.09
1130,2.03
1131,7.04
1132,11.09
1133,8.69
1134,1.14
1135,2.27
1136,2.33
1137,7.88
1138,6.26
1139,2.49
1140,1.03
1141,1.56
1142,2.85
1143,5.7
1144,1.14
1145,4.31
1146,1.24
1147,1
1148,1.28
1149,3.71
1150,3.61
1151,1
1152,8.08
1153,1.2
1154,1.06
1155,1.97
1156,1.75
1157,1.94
1158,3.25
1159,1.2
1160,1.04
1161,2.52
1162,1.56
1163,2.34
1164,1.78
1165,1.73
1166,1.47
1167,1.17
1168,12.36
1169,1.37
1170,78.49
1171,12.41
1172,1.16
1173,2.12
1174,1.35
1175,13.56
1176,1.57
1177,1.03
1178,12.48
1179,1.09
1180,1.19
1181,1.29
1182,4.62
1183,1.71
1184,1.08
1185,1.04
1186,1.3
1187,3.86
1188,1
1189,4.07
1190,1.76
1191,1.31
1192,1.65
1193,1.12
1194,1.2
1195,1.13
1196,1.13
1197,3.96
1198,5.61
1199,18.42
1200,1.37
1201,3.4
1202,1.52
1203,1.07
1204,8.28
1205,1.47
1206,1.7
1207,2.28
1208,1.05
1209,1.48
1210,1.58
1211,4.17
1212,4.75
1213,1.46
1214,1.37
1215,1.88
1216,7.4
1217,20.41
1218,1.6
1219,1.46
1220,1.74
1221,1.13
1222,27.58
1223,1.82
1224,1.17
1225,1.02
1226,3.49
1227,1.78
1228,1.19
1229,1.16
1230,5.09
1231,3.67
1232,2.99
1233,20.5
1234,1.37
1235,10.79
1236,1.27
1237,1.06
1238,1.32
1239,1.22
1240,5.28
1241,1.55
1242,1.68
1243,1.12
1244,1.87
1245,2.32
1246,1.64
1247,2.95
1248,1.39
1249,3.71
1250,5.38
1251,3.61
1252,3.02
1253,9.17
1254,6.32
1255,3.55
1256,2.43
1257,2.81
1258,1.93
1259,2.21
1260,1.18
1261,2.81
1262,1.94
1263,2.62
1264,2.11
1265,2.21
1266,1.09
1267,1.45
1268,8.39
1269,1.14
1270,1.74
1271,1.61
1272,2.14
1273,1.07
1274,3.7
1275,1.32
1276,2.46
1277,1.21
1278,3.51
1279,3.76
1280,1
1281,1.27
1282,1.15
1283,1.18
1284,1.4
1285,10.35
1286,3.47
1287,7.79
1288,3.14
1289,1.45
1290,23.86
1291,6.39
1292,2.01
1293,1.25
1294,1.4
1295,2.59
1296,3.03
1297,5.56
1298,32.04
1299,1.68
1300,1.78
1301,1.38
1302,2.2
1303,1.07
1304,2.89
1305,1.9
1306,35.47
1307,1.14
1308,140.93
1309,5.43
1310,1.08
1311,3.57
1312,1.14
1313,4.55
1314,1.34
1315,1.11
1316,1.21
1317,1.85
1318,13.92
1319,2.13
1320,4.25
1321,1.22
1322,16.62
1323,4.08
1324,3.14
1325,1.22
1326,1.17
1327,1.27
1328,2.14
1329,1.16
1330,1.52
1331,1.83
1332,13.05
1333,1.45
1334,1.04
1335,1.32
1336,5.76
1337,1.53
1338,1.16
1339,1.09
1340,5.25
1341,12.42
1342,1.53
1343,15.11
1344,1.14
1345,1.61
1346,1.9
1347,1.21
1348,1.33
1349,2.03
1350,2.84
1351,2.19
1352,4.53
1353,7.4
1354,1
1355,1.57
1356,7.45
1357,1.12
1358,1.54
1359,10.1
1360,1.54
1361,2.13
1362,101.55
1363,1.56
1364,1.77
1365,163.33
1366,1.84
1367,2.34
1368,1.95
1369,1.15
1370,7.59
1371,1
1372,10.13
1373,6.15
1374,2.54
1375,1.11
1376,1.05
1377,13.48
1378,8.5
1379,1.58
1380,7.09
1381,2.79
1382,13.77
1383,2.96
1384,1.03
1385,1.95
1386,1.94
1387,1.04
1388,1.74
1389,1.04
1390,1.15
1391,2.73
1392,3.03
1393,1.77
1394,81.1
1395,1.21
1396,2.16
1397,1.3
1398,11.11
1399,3.97
1400,2.24
1401,4.63
1402,1.62
1403,13.11
1404,1.24
1405,2.37
1406,5.29
1407,38.01
1408,2.1
1409,1.56
1410,59.17
1411,2.69
1412,42.7
1413,1.22
1414,1.15
1415,17.09
1416,4.66
1417,9.16
1418,1
1419,1.35
1420,3.31
1421,1.21
1422,1.54
1423,1.86
1424,3.13
1425,1.24
1426,6.78
1427,1.13
1428,1.17
1429,2.62
1430,2.05
1431,11.96
1432,1.3
1433,4.68
1434,1.12
1435,1.61
1436,1.28
1437,3.01
1438,1.26
1439,1.2
1440,1.12
1441,11.41
1442,3.19
1443,1.67
1444,1.34
1445,1.11
1446,2.65
1447,1.15
1448,1.19
1449,1.48
1450,1.67
1451,4.85
1452,20.32
1453,2.06
1454,1.1
1455,1.29
1456,1.27
1457,1.76
1458,1.86
1459,121.04
1460,10.24
1461,2.22
1462,5.42
1463,3.01
1464,5.55
1465,1.09
1466,2.21
1467,1.07
1468,12.88
1469,1.24
1470,1.11
1471,17.06
1472,1.7
1473,2.4
1474,1.69
1475,1.23
1476,2.36
1477,1.27
1478,1.03
1479,2.07
1480,27.95
1481,3.49
1482,9.32
1483,3.19
1484,2.13
1485,1.15
1486,1.16
1487,5.81
1488,1.11
1489,1.35
1490,3.19
1491,4.05
1492,1.05
1493,7.78
1494,6.24
1495,8.85
1496,1.11
1497,1.21
1498,2.52
1499,14.99
1500,1.07
1501,25.25
1502,1.56
1503,3.04
1504,1.65
1505,1.73
1506,1.54
1507,8.55
1508,2.31
1509,3.44
1510,3.63
1511,176.69
1512,6.42
1513,2.63
1514,3.61
1515,1.09
1516,3.42
1517,6.29
1518,2.26
1519,69.69
1520,2.13
1521,1.04
1522,2.53
1523,9.93
1524,231.12
1525,4.72
1526,1.83
1527,1.62
1528,1.94
1529,2.91
1530,1.19
1531,1.49
1532,1.34
1533,1.37
1534,1.2
1535,1.07
1536,3.29
1537,4.13
1538,2.12
1539,1.56
1540,2.21
1541,3.55
1542,1.78
1543,1.04
1544,1.29
1545,10.09
1546,3.25
1547,1.18
1548,3
1549,1.79
1550,14.57
1551,3.61
1552,269.36
1553,8.42
1554,19.56
1555,3.16
1556,12
1557,8.58
1558,2.37
1559,1.3
1560,1.08
1561,1.3
1562,2.46
1563,9.03
1564,4.5
1565,1.21
1566,1.92
1567,1.02
1568,3.5
1569,1.73
1570,1.38
1571,5.82
1572,14.09
1573,1.14
1574,2.73
1575,2.7
1576,3.27
1577,1.39
1578,12.85
1579,1.45
1580,18.22
1581,2.29
1582,5.62
1583,1.19
1584,1.52
1585,31.61
1586,2.35
1587,1.04
1588,1.86
1589,5.31
1590,1.5
1591,1.07
1592,1.99
1593,2.35
1594,5.26
1595,2.03
1596,3.29
1597,14.36
1598,2.95
1599,2.66
1600,2.55
1601,1.18
1602,1.89
1603,1.24
1604,1.01
1605,3.38
1606,2.26
1607,1.14
1608,1
1609,1.33
1610,3.68
1611,1.86
1612,3.15
1613,3.97
1614,1.58
1615,3.04
1616,1.48
1617,3.16
1618,5.74
1619,5.38
1620,3.17
1621,2.81
1622,5.45
1623,1.23
1624,1.26
1625,10.21
1626,1
1627,2.39
1628,1.76
1629,6.08
1630,1.31
1631,2.68
1632,13.34
1633,2.01
1634,1.05
1635,2.79
1636,1.67
1637,4.9
1638,9.18
1639,1.63
1640,1.25
1641,1.1
1642,1.66
1643,1.55
1644,1.99
1645,1.27
1646,1.11
1647,1.14
1648,1
1649,6.23
1650,2.43
1651,1.39
1652,1.13
1653,2.16
1654,4.2
1655,3.23
1656,1.72
1657,1.22
1658,3.17
1659,2.76
1660,1.18
1661,1
1662,1.61
1663,2.86
1664,2.33
1665,1.01
1666,4.41
1667,1.65
1668,3.65
1669,1.84
1670,1.05
1671,2.9
1672,2.2
1673,4.2
1674,1.1
1675,1.99
1676,1.1
1677,5.06
1678,1
1679,7.36
1680,1.09
1681,4.26
1682,1.43
1683,1.77
1684,3.16
1685,1.43
1686,1.12
1687,1.79
1688,1.15
1689,1.27
1690,2.48
1691,4.09
1692,1.78
1693,1.05
1694,2.01
1695,1.2
1696,1.41
1697,1.33
1698,1.38
1699,1.89
1700,5.27
1701,1.49
1702,1.1
1703,2.8
1704,2.08
1705,1.28
1706,1.69
1707,1.41
1708,2.54
1709,1.03
1710,5.71
1711,1.01
1712,1.23
1713,10.43
1714,5.6
1715,127.41
1716,2.54
1717,2.72
1718,9.72
1719,1
1720,1.27
1721,1.45
1722,1.49
1723,2.02
1724,3.37
1725,6.64
1726,9.13
1727,5.52
1728,1
1729,1.81
1730,1.04
1731,2.68
1732,1.27
1733,1.11
1734,1.14
1735,3.24
1736,3.22
1737,4.01
1738,1.21
1739,1.11
1740,3.79
1741,1.05
1742,6.39
1743,1.55
1744,2.81
1745,2.18
1746,1.19
1747,2.98
1748,1.21
1749,5.72
1750,1.05
1751,6.29
1752,15.86
1753,1.21
1754,1
1755,2.04
1756,6.4
1757,9.16
1758,1.4
1759,1.83
1760,3.38
1761,2.96
1762,19.95
1763,3.32
1764,2.44
1765,1.84
1766,5.45
1767,1.35
1768,1.89
1769,1.09
1770,1.01
1771,1.02
1772,2.22
1773,3.17
1774,1.12
1775,1.95
1776,1.25
1777,1.88
1778,1.13
1779,10.86
1780,2.37
1781,15.57
1782,1.45
1783,1.31
1784,1.14
1785,1.84
1786,7.99
1787,4.08
1788,1.01
1789,1.02
1790,1.85
1791,1.58
1792,1.36
1793,1.13
1794,1.13
1795,1.54
1796,1.33
1797,7.33
1798,2.86
1799,2.18
1800,9.28
1801,1.61
1802,2.39
1803,1.02
1804,1.22
1805,1.38
1806,15.75
1807,4.04
1808,7.16
1809,10.09
1810,1.36
1811,3.16
1812,1.12
1813,4.96
1814,1.78
1815,1.79
1816,1.54
1817,2.41
1818,2
1819,2.21
1820,2.22
1821,1.84
1822,1.82
1823,2.15
1824,1
1825,2.48
1826,13.63
1827,3.32
1828,2.17
1829,1
1830,1.14
1831,3.2
1832,1.96
1833,1.18
1834,1.3
1835,4.93
1836,1.56
1837,1.08
1838,3.4
1839,4.63
1840,3.93
1841,3.02
1842,1.25
1843,6.23
1844,8.95
1845,1.59
1846,9.67
1847,1.09
1848,1.63
1849,1.84
1850,70.93
1851,4.73
1852,1.53
1853,2.66
1854,9.83
1855,1.4
1856,1.21
1857,37.03
1858,2.75
1859,1.29
1860,10.42
1861,1.54
1862,3.94
1863,4.82
1864,594.31
1865,1.74
1866,3.54
1867,1
1868,10.87
1869,1
1870,1
1871,5.03
1872,50.72
1873,1.66
1874,2.77
1875,1.06
1876,1.55
1877,1.11
1878,2.15
1879,1.22
1880,5.48
1881,1.24
1882,81.14
1883,1.06
1884,5.17
1885,1.04
1886,1.68
1887,3.16
1888,1.29
1889,5.3
1890,2.45
1891,2.95
1892,1.7
1893,2.2
1894,1.08
1895,1.06
1896,7.17
1897,19.19
1898,7.44
1899,2.89
1900,1.34
1901,9.64
1902,2.12
1903,3.13
1904,5.71
1905,1
1906,4.39
1907,5.16
1908,1.08
1909,6.23
1910,1.31
1911,1.03
1912,3.97
1913,1.7
1914,1.67
1915,17.05
1916,2.54
1917,2.41
1918,1.09
1919,2.12
1920,1.09
1921,3.66
1922,2.31
1923,2.69
1924,1.73
1925,1
1926,1.89
1927,1.32
1928,4.14
1929,2.37
1930,2.04
1931,1.7
1932,1.75
1933,1.87
1934,1.21
1935,3.14
1936,2.72
1937,1.01
1938,1.15
1939,1.94
1940,1.44
1941,8.87
1942,2.55
1943,1.04
1944,1.36
1945,2.22
1946,1
1947,1.89
1948,1.09
1949,252.07
1950,1.32
1951,1
1952,1.04
1953,28.88
1954,14.78
1955,4.69
1956,2.57
1957,5.24
1958,1.16
1959,11.58
1960,1.59
1961,2.4
1962,4.01
1963,2.82
1964,2.78
1965,3.52
1966,1.75
1967,2.26
1968,1.47
1969,3.68
1970,1.4
1971,2.81
1972,2.95
1973,1
1974,22.7
1975,1.28
1976,829.05
1977,4.37
1978,1.6
1979,1
1980,1.21
1981,11.82
1982,2.28
1983,1.44
1984,9.54
1985,1.6
1986,3.04
1987,2.11
1988,1.14
1989,9.43
1990,1.76
1991,1.71
1992,9.28
1993,5.91
1994,18.29
1995,4.62
1996,1.69
1997,1.93
1998,1.89
1999,3.15
2000,1.32
2001,1.22
2002,5.96
2003,1.01
2004,2.11
2005,3.99
2006,2.36
2007,1.21
2008,4.86
2009,1.82
2010,1.03
2011,2.03
2012,1.88
2013,1.07
2014,10.11
2015,2.1
2016,1.25
2017,1.57
2018,2.11
2019,3.73
2020,2.91
2021,1.14
2022,1.02
2023,1.05
2024,98.28
2025,1.8
2026,88.34
2027,2.5
2028,1.3
2029,12.96
2030,2.34
2031,3.43
2032,3.09
2033,2.11
2034,1.08
2035,1.37
2036,1.39
2037,2.29
2038,1.33
2039,1.29
2040,10.35
2041,1
2042,1.52
2043,1.06
2044,1.36
2045,1.36
2046,1.36
2047,4.88
2048,1.28
2049,1.08
2050,2.84
2051,607.6
2052,6.45
2053,1.51
2054,1.15
2055,2.31
2056,1.75
2057,1.2
2058,3.69
2059,7.83
2060,1
2061,5.07
2062,7.9
2063,2.07
2064,4.59
2065,1.47
2066,4.44
2067,1.65
2068,2.45
2069,2.45
2070,1.03
2071,12.93
2072,12.71
2073,2.43
2074,2.42
2075,1.53
2076,1.01
2077,1.71
2078,1.92
2079,1.59
2080,7.65
2081,1.78
2082,1.36
2083,2.29
2084,2.17
2085,1.66
2086,1.09
2087,1.31
2088,1.03
2089,2.01
2090,1.51
2091,20.75
2092,9.24
2093,1.64
2094,4.43
2095,3.07
2096,231.46
2097,2.6
2098,5.4
2099,1.54
2100,3.03
2101,1.46
2102,1.27
2103,1.03
2104,9.13
2105,1.48
2106,3.8
2107,1.51
2108,1.96
2109,1.31
2110,6.24
2111,3.14
2112,4.26
2113,3.8
2114,2.82
2115,9.35
2116,6.17
2117,66.72
2118,12.39
2119,18.78
2120,23.01
2121,7.82
2122,2.79
2123,1.03
2124,2.81
2125,2.54
2126,1.33
2127,3.35
2128,1.05
2129,1.01
2130,1.01
2131,1.86
2132,1.18
2133,1.54
2134,1.86
2135,4.81
2136,1.08
2137,1.26
2138,1
2139,2.41
2140,2.04
2141,1.11
2142,1.72
2143,2.64
2144,2.53
2145,2.05
2146,2.14
2147,6.68
2148,1
2149,1.92
2150,21.92
2151,13.27
2152,3.7
2153,3.33
2154,5.38
2155,5.37
2156,1.23
2157,1.48
2158,1.56
2159,1.12
2160,5.16
2161,1.23
2162,8.63
2163,1.29
2164,1.35
2165,1.44
2166,1.17
2167,1.86
2168,2.04
2169,1.37
2170,1.51
2171,2.08
2172,6.29
2173,168.51
2174,25.11
2175,2.28
2176,1.07
2177,1.12
2178,1.58
2179,2.64
2180,1.26
2181,130.47
2182,2.58
2183,4.81
2184,2.84
2185,1.18
2186,2.27
2187,1.51
2188,1.77
2189,1.3
2190,2.04
2191,1
2192,2.21
2193,1
2194,19.1
2195,4.1
2196,4.48
2197,5.68
2198,3.05
2199,2.36
2200,62.37
2201,1.51
2202,3.07
2203,1.26
2204,2.99
2205,2.04
2206,1.65
2207,1.24
2208,3.33
2209,1.51
2210,2.41
2211,5.13
2212,29.18
2213,10.43
2214,65.65
2215,1.05
2216,3.77
2217,1.12
2218,6.77
2219,1.34
2220,2.17
2221,2.35
2222,2.13
2223,2.05
2224,3.19
2225,1.09
2226,200.61
2227,2.12
2228,1
2229,1.6
2230,1.68
2231,1.46
2232,1.24
2233,2.12
2234,1.11
2235,1.07
2236,2.85
2237,1.35
2238,10.58
2239,1.51
2240,10.56
2241,12.35
2242,10.01
2243,7.79
2244,8.03
2245,1.64
2246,1.05
2247,2.19
2248,3.13
2249,2.69
2250,2.43
2251,1.23
2252,2.31
2253,1.16
2254,1.22
2255,1.16
2256,3.26
2257,1.56
2258,2.46
2259,6.74
2260,99.11
2261,1.15
2262,1.01
2263,5.97
2264,1.4
2265,1.63
2266,2.1
2267,3.84
2268,1
2269,1.67
2270,1.46
2271,2.08
2272,5.64
2273,1.03
2274,7.3
2275,1.08
2276,1.89
2277,1.13
2278,1.17
2279,2.68
2280,1.35
2281,37.76
2282,1.11
2283,6.12
2284,1.28
2285,3.92
2286,1.44
2287,1.3
2288,1.16
2289,5.69
2290,3.23
2291,3.04
2292,4.18
2293,3.07
2294,1.56
2295,1.25
2296,1
2297,4.86
2298,1.73
2299,1.11
2300,4.29
2301,6.75
2302,2.18
2303,5.49
2304,13.72
2305,3.43
2306,6.62
2307,1.17
2308,3.13
2309,1.42
2310,1.21
2311,2.86
2312,1
2313,1.46
2314,1.53
2315,5.62
2316,2.38
2317,1.26
2318,7.3
2319,9.09
2320,1.7
2321,1.36
2322,1.63
2323,1.19
2324,1.56
2325,1.29
2326,2.34
2327,2.28
2328,1.61
2329,2.43
2330,2.08
2331,1.2
2332,2.92
2333,4.82
2334,80.58
2335,5.4
2336,1.38
2337,1.75
2338,5.28
2339,1.91
2340,1.62
2341,228.7
2342,84.15
2343,6.62
2344,47.22
2345,4.32
2346,1.85
2347,1.16
2348,1.46
2349,1.25
2350,1.74
2351,3.3
2352,113.67
2353,3.13
2354,1
2355,2.04
2356,1.45
2357,1.87
2358,1.9
2359,2.21
2360,5.23
2361,1.26
2362,1.42
2363,2.96
2364,1.16
2365,1.63
2366,2.46
2367,1.85
2368,106.05
2369,1.92
2370,7.21
2371,1.17
2372,1.3
2373,1.12
2374,2.89
2375,2.29
2376,1.59
2377,1.1
2378,3.6
2379,4.28
2380,2.19
2381,1.81
2382,2.17
2383,1.08
2384,1.24
2385,1.32
2386,1.69
2387,99.76
2388,3.38
2389,1.92
2390,1.92
2391,3.93
2392,1.62
2393,1.57
2394,143.77
2395,778.5
2396,2.17
2397,1.03
2398,3.18
2399,1.04
2400,1.47
2401,1
2402,4.89
2403,1.12
2404,6.94
2405,17.02
2406,16.35
2407,2.61
2408,1.29
2409,1.03
2410,1.75
2411,5.44
2412,2.14
2413,2.26
2414,1.91
2415,1.84
2416,4.73
2417,4.4
2418,45.55
2419,1.87
2420,3.08
2421,10.72
2422,1.39
2423,4.75
2424,1.35
2425,1
2426,1.35
2427,1.98
2428,1.25
2429,1.7
2430,2.25
2431,1.92
2432,1.32
2433,1.19
2434,1.67
2435,1.7
2436,2.29
2437,1.57
2438,2.58
2439,1.49
2440,1.14
2441,14.31
2442,1.73
2443,7.17
2444,3.86
2445,25.14
2446,3.19
2447,2.16
2448,1.76
2449,2.01
2450,1.93
2451,2.4
2452,14.29
2453,1.3
2454,1.46
2455,2.51
2456,1.41
2457,1.13
2458,1.41
2459,2.71
2460,1.48
2461,1.05
2462,1.98
2463,1
2464,1.22
2465,6.61
2466,11.37
2467,33.04
2468,1.88
2469,2.43
2470,1.08
2471,1.1
2472,1.31
2473,6.17
2474,2.58
2475,2.17
2476,22.82
2477,1.83
2478,1.31
2479,1.23
2480,2.34
2481,1.12
2482,9.27
2483,2.29
2484,30.36
2485,1.37
2486,6.5
2487,2.67
2488,2.37
2489,1.36
2490,1.05
2491,1.93
2492,1.95
2493,1.26
2494,1.23
2495,1.92
2496,1
2497,1.28
2498,1.26
2499,2.7
2500,1.48
2501,1.11
2502,7.37
2503,3.21
2504,1.41
2505,415.66
2506,1.31
2507,1.9
2508,1.43
2509,5
2510,2.89
2511,1.11
2512,5.39
2513,2.19
2514,1.52
2515,1.43
2516,10.44
2517,6.73
2518,3.88
2519,2.49
2520,1.33
2521,2.4
2522,10.56
2523,1.05
2524,1.48
2525,2.55
2526,1.03
2527,1.03
2528,10.54
2529,1.09
2530,3.42
2531,1.33
2532,18.44
2533,3.41
2534,3.2
2535,13.29
2536,1.76
2537,3.94
2538,3
2539,2.34
2540,5.77
2541,1.66
2542,1.06
2543,2.79
2544,2.26
2545,1
2546,4.89
2547,2.45
2548,11.9
2549,2.73
2550,1.69
2551,3.01
2552,11.69
2553,35.12
2554,5.39
2555,1.94
2556,1
2557,1.74
2558,17
2559,2.26
2560,1
2561,1.61
2562,2.14
2563,1
2564,1.26
2565,2.74
2566,1.06
2567,2.61
2568,1.22
2569,1.68
2570,2.27
2571,2.3
2572,1
2573,3.43
2574,1.66
2575,1.19
2576,1.09
2577,2.13
2578,1.88
2579,3.08
2580,1.03
2581,2.2
2582,1.11
2583,5.64
2584,1.72
2585,1.45
2586,3.36
2587,1.03
2588,1.71
2589,1.22
2590,4.13
2591,2.11
2592,3.51
2593,1.34
2594,1.27
2595,1.48
2596,1.2
2597,1.2
2598,3.98
2599,1.98
2600,5.66
2601,4.46
2602,12.74
2603,1.47
2604,43.69
2605,5.16
2606,26
2607,4.46
2608,4.06
2609,1.76
2610,16.12
2611,1.61
2612,1.23
2613,2.49
2614,6.57
2615,5.32
2616,2.17
2617,6.05
2618,1.52
2619,1.33
2620,5.38
2621,15.4
2622,2.42
2623,1.32
2624,2.38
2625,16.18
2626,1.62
2627,1.46
2628,1.39
2629,1
2630,8.66
2631,3.17
2632,1.22
2633,1.4
2634,1.6
2635,1.1
2636,5.27
2637,1.13
2638,1
2639,12.13
2640,1978.83
2641,46.34
2642,1.37
2643,4.01
2644,1.39
2645,17.9
2646,14.77
2647,6.06
2648,1.38
2649,4.25
2650,2.36
2651,1.06
2652,3.33
2653,1.57
2654,1.27
2655,1.45
2656,1.36
2657,1.06
2658,1.33
2659,2.27
2660,7.1
2661,1.74
2662,1.02
2663,2.81
2664,1.1
2665,1
2666,2.05
2667,2.3
2668,1.55
2669,1.45
2670,2.41
2671,3.06
2672,2.96
2673,11.71
2674,2.95
2675,1
2676,4.49
2677,1.02
2678,1.04
2679,1.74
2680,2.18
2681,1.86
2682,2.32
2683,3.45
2684,1.2
2685,1
2686,1.27
2687,3.25
2688,1.32
2689,17.6
2690,1.28
2691,7.48
2692,5.42
2693,1.3
2694,3.98
2695,3.05
2696,1.25
2697,4.16
2698,1.06
2699,2.59
2700,1.81
2701,41.18
2702,2.58
2703,2
2704,1.57
2705,2.47
2706,2.61
2707,1.14
2708,1.09
2709,1.07
2710,1.48
2711,1.04
2712,3.7
2713,50.86
2714,4.38
2715,1.34
2716,1.27
2717,2.65
2718,1
2719,5.48
2720,5.71
2721,2.8
2722,1.65
2723,1.32
2724,3.91
2725,2.29
2726,11.5
2727,4.08
2728,2
2729,9.95
2730,3.29
2731,3
2732,6.24
2733,1.69
2734,1.83
2735,1.6
2736,1.55
2737,1.48
2738,1.01
2739,1.42
2740,2.24
2741,1.42
2742,1.12
2743,1.15
2744,4.1
2745,9.49
2746,4.78
2747,5.02
2748,1.04
2749,1.56
2750,6.79
2751,1.97
2752,1.91
2753,1.46
2754,14.53
2755,1.59
2756,1.17
2757,8.42
2758,6.9
2759,1.09
2760,2.92
2761,1.81
2762,3.52
2763,1.32
2764,1.25
2765,1.93
2766,1.5
2767,1.42
2768,17.9
2769,1.15
2770,1.5
2771,1.23
2772,1
2773,2.12
2774,2.9
2775,1.62
2776,1.37
2777,10.74
2778,6.57
2779,1.3
2780,20.22
2781,1.6
2782,2.01
2783,1.21
2784,3.87
2785,24.38
2786,1.59
2787,2.92
2788,1.06
2789,7.03
2790,2.44
2791,1.24
2792,12.75
2793,1.85
2794,1.57
2795,3.13
2796,1.4
2797,10.09
2798,3.97
2799,3.1
2800,3.24
2801,2.69
2802,1.14
2803,1.2
2804,2.29
2805,2
2806,1.25
2807,1.13
2808,4.42
2809,3.14
2810,18.49
2811,52.97
2812,1.23
2813,3.57
2814,1.09
2815,1.11
2816,6.53
2817,1.08
2818,4.12
2819,3.84
2820,2.2
2821,3.46
2822,7.22
2823,3.42
2824,1.29
2825,2.88
2826,1.09
2827,7.99
2828,4.01
2829,23.2
2830,1.02
2831,2.21
2832,3.77
2833,1.1
2834,1.81
2835,1.65
2836,1.77
2837,32.91
2838,1.07
2839,1
2840,1.06
2841,1
2842,6.15
2843,1.1
2844,9.23
2845,6.63
2846,1.9
2847,1.04
2848,4.02
2849,1.05
2850,2.29
2851,2.84
2852,6.16
2853,2.66
2854,1
2855,1.15
2856,1.81
2857,1.77
2858,5.66
2859,22.64
2860,41.77
2861,4.24
2862,1.05
2863,4.02
2864,3.86
2865,3.88
2866,2.34
2867,1.5
2868,11.88
2869,6.57
2870,1.23
2871,4.78
2872,7.73
2873,1
2874,1.55
2875,1.03
2876,1.5
2877,1.36
2878,3.46
2879,1.08
2880,3.03
2881,3.89
2882,1.07
2883,1.62
2884,26.91
2885,3.08
2886,1.81
2887,2.62
2888,137.91
2889,1.91
2890,16.13
2891,3.11
2892,2.47
2893,1.61
2894,1.01
2895,17.2
2896,8.99
2897,1.09
2898,1.55
2899,13.22
2900,1.08
2901,1.18
2902,11.11
2903,1.63
2904,4.78
2905,1.33
2906,2.18
2907,1.52
2908,1.39
2909,2.69
2910,1.44
2911,1.02
2912,2.1
2913,1.7
2914,6.1
2915,11.49
2916,1.55
2917,7.45
2918,1.09
2919,2.24
2920,1.08
2921,8.04
2922,1.77
2923,2.23
2924,1.12
2925,1.18
2926,1.04
2927,2.42
2928,1.17
2929,3.36
2930,1.96
2931,4.65
2932,2.04
2933,28.06
2934,1.03
2935,1.25
2936,5.03
2937,1.24
2938,1.29
2939,1.76
2940,2.09
2941,5.09
2942,32.81
2943,1.84
2944,1.35
2945,1.68
2946,1.08
2947,10.95
2948,1.41
2949,1.22
2950,1.25
2951,1.52
2952,2.66
2953,2.41
2954,1.8
2955,12.63
2956,1.74
2957,2.63
2958,1.06
2959,3.31
2960,1.57
2961,2.7
2962,1.23
2963,3.32
2964,1.52
2965,2.88
2966,1
2967,1.05
2968,1.59
2969,1.48
2970,5.61
2971,1.12
2972,9.16
2973,2.67
2974,1.73
2975,1.9
2976,1.35
2977,3.1
2978,2.69
2979,1.13
2980,2.37
2981,2.28
2982,130.2
2983,2.99
2984,6.83
2985,5.52
2986,3.18
2987,3.82
2988,1.33
2989,1.49
2990,1.15
2991,2.06
2992,2.41
2993,1.34
2994,3.48
2995,2.07
2996,3.45
2997,2.43
2998,1.03
2999,2.4
3000,2.56
3001,1.08
3002,1.41
3003,1.08
3004,1.35
3005,2.4
3006,1.42
3007,4.36
3008,1.41
3009,16.38
3010,1.78
3011,2.3
3012,1.77
3013,1.8
3014,1.61
3015,4.37
3016,1.07
3017,1.01
3018,8.23
3019,1.2
3020,1.24
3021,14.22
3022,2
3023,3.65
3024,4.08
3025,1.01
3026,13.63
3027,1.25
3028,2.32
3029,1.02
3030,1.53
3031,2.51
3032,3.33
3033,1.74
3034,1.8
3035,1.55
3036,1.13
3037,1.01
3038,6.22
3039,1.05
3040,1.37
3041,1.69
3042,15.82
3043,1.22
3044,2.79
3045,1.42
3046,1
3047,1.05
3048,3.34
3049,17.55
3050,2.32
3051,1.88
3052,40.11
3053,1.25
3054,1.13
3055,13.02
3056,1.05
3057,1.06
3058,6.35
3059,2.74
3060,4.19
3061,2.54
3062,5.52
3063,3.04
3064,1.09
3065,10.16
3066,3.7
3067,4.39
3068,1.84
3069,5.48
3070,2.5
3071,2.72
3072,1.46
3073,2.48
3074,1.82
3075,5.42
3076,36.84
3077,6.63
3078,1.87
3079,3.99
3080,1.42
3081,1.23
3082,3.65
3083,2.53
3084,1.37
3085,6.01
3086,1.37
3087,1.14
3088,2.06
3089,5.52
3090,2.16
3091,1.17
3092,145.06
3093,1.52
3094,1.24
3095,2
3096,6.79
3097,4.6
3098,1.21
3099,1.08
3100,1.36
3101,2.01
3102,1.05
3103,19.41
3104,9.12
3105,1.2
3106,1.7
3107,2.08
3108,2.35
3109,16.12
3110,4.6
3111,8.92
3112,1.03
3113,1.04
3114,1.26
3115,5.32
3116,9.23
3117,6.56
3118,1.21
3119,1.26
3120,1.85
3121,1.68
3122,1.64
3123,3.39
3124,3.83
3125,1.26
3126,1.15
3127,1.7
3128,1.31
3129,13.03
3130,1.41
3131,18.95
3132,3.18
3133,3.19
3134,1.93
3135,2.49
3136,12.13
3137,2.63
3138,1.11
3139,2.1
3140,8.59
3141,2.27
3142,1.56
3143,11.92
3144,1.03
3145,2.95
3146,1.49
3147,1.1
3148,1.06
3149,1.09
3150,1.49
3151,40.28
3152,1.58
3153,2.47
3154,2.4
3155,1.42
3156,1.27
3157,1.63
3158,1.43
3159,3.34
3160,1.63
3161,1.22
3162,1.38
3163,2.04
3164,6.81
3165,4.41
3166,1.72
3167,13.88
3168,1.04
3169,20.31
3170,1.15
3171,1.09
3172,1.41
3173,1.87
3174,1.71
3175,2.22
3176,2.49
3177,1.82
3178,13.85
3179,3.52
3180,1.48
3181,8.03
3182,1.18
3183,17.53
3184,1.54
3185,1.9
3186,1.13
3187,1.22
3188,1.6
3189,1.19
3190,1.23
3191,1.14
3192,2.84
3193,1
3194,8.05
3195,1.39
3196,1.15
3197,1.14
3198,6.57
3199,1.03
3200,3.47
3201,1.23
3202,2.25
3203,1.1
3204,12.18
3205,16.39
3206,1.6
3207,2.03
3208,2.31
3209,2.65
3210,1.1
3211,1.67
3212,1.2
3213,2.09
3214,2.19
3215,1.16
3216,1.29
3217,3.11
3218,1.14
3219,13.58
3220,11.19
3221,1.91
3222,2.8
3223,1.2
3224,2.06
3225,1.05
3226,3.73
3227,1.24
3228,6.83
3229,8.63
3230,1.54
3231,2.17
3232,44.85
3233,1.54
3234,2.13
3235,4.95
3236,1.04
3237,3.31
3238,1.45
3239,8.57
3240,1.46
3241,10.27
3242,1.04
3243,1.35
3244,10.32
3245,12.9
3246,1.01
3247,1.06
3248,1.12
3249,1.35
3250,1.08
3251,28.73
3252,3.86
3253,2.05
3254,1.7
3255,2.74
3256,1
3257,2.14
3258,1.71
3259,1
3260,1.09
3261,1.17
3262,2.13
3263,1.96
3264,1.27
3265,6.54
3266,4.03
3267,45.84
3268,11.54
3269,1.24
3270,17.36
3271,1.2
3272,10.33
3273,2.04
3274,1.45
3275,1.01
3276,8.9
3277,1.03
3278,1.79
3279,1.29
3280,1.12
3281,1.5
3282,6.56
3283,1.45
3284,2.19
3285,1.06
3286,6.92
3287,4.89
3288,1.21
3289,11.24
3290,1.07
3291,1.2
3292,1.1
3293,2.39
3294,5.12
3295,1.14
3296,1
3297,1
3298,2.48
3299,5.2
3300,9.07
3301,1.31
3302,1.11
3303,1.13
3304,13.96
3305,4.62
3306,7.55
3307,2.34
3308,9.77
3309,2.22
3310,2.53
3311,7.4
3312,1.26
3313,5.55
3314,1.32
3315,7.42
3316,2.8
3317,8.32
3318,1.57
3319,2.44
3320,5.05
3321,13.35
3322,1.29
3323,292
3324,2.46
3325,3.76
3326,3.4
3327,1.38
3328,1.24
3329,18.59
3330,1.23
3331,1.19
3332,1.61
3333,2.04
3334,6.72
3335,1.66
3336,13.78
3337,1.6
3338,1.31
3339,2.17
3340,1.58
3341,7.76
3342,1.28
3343,1
3344,1.77
3345,1
3346,1.61
3347,1.33
3348,1.27
3349,4.51
3350,2.51
3351,1
3352,2.15
3353,1
3354,1.22
3355,3.87
3356,2.55
3357,2.16
3358,1.96
3359,1.16
3360,1.4
3361,3.35
3362,1.35
3363,1.28
3364,3.88
3365,1.2
3366,1.28
3367,17.58
3368,1.32
3369,1.69
3370,1.58
3371,1.01
3372,1.35
3373,4.23
3374,1.22
3375,1.45
3376,1.58
3377,1.42
3378,2.21
3379,3.34
3380,2.96
3381,1
3382,4.07
3383,2.94
3384,3.27
3385,1.05
3386,1.47
3387,13.19
3388,4.11
3389,2.09
3390,1.25
3391,1
3392,1.91
3393,2.59
3394,1.04
3395,1.83
3396,1.58
3397,1.04
3398,6.91
3399,4.72
3400,9.98
3401,2.38
3402,1.05
3403,16.3
3404,2.16
3405,1.12
3406,1.38
3407,1.16
3408,2.35
3409,1.42
3410,5.47
3411,1.24
3412,1.59
3413,9.55
3414,1.06
3415,1.25
3416,4.06
3417,1.46
3418,1.59
3419,7.72
3420,1.4
3421,3.76
3422,1.29
3423,1.48
3424,2.62
3425,1.06
3426,3.06
3427,1.77
3428,8.64
3429,2.28
3430,1.5
3431,1.14
3432,1.52
3433,2.09
3434,1.09
3435,1.99
3436,2.07
3437,1.06
3438,1.17
3439,2.96
3440,3.24
3441,1.03
3442,8.05
3443,5
3444,6.83
3445,7.42
3446,8.63
3447,2.52
3448,5.51
3449,9.05
3450,5.93
3451,1
3452,4.68
3453,1.1
3454,1.05
3455,1.9
3456,15.32
3457,28.7
3458,1.94
3459,3.69
3460,1.44
3461,3.3
3462,1.12
3463,1.06
3464,2.77
3465,4.23
3466,1.49
3467,1.04
3468,1.02
3469,1.52
3470,1.57
3471,1.1
3472,1.07
3473,1.15
3474,3.22
3475,15.56
3476,1.05
3477,32.73
3478,1.03
3479,1.27
3480,3
3481,2.55
3482,1.31
3483,1
3484,1.9
3485,2.85
3486,2.95
3487,1.67
3488,2.65
3489,1.72
3490,4.71
3491,1.54
3492,2.24
3493,18.36
3494,1.07
3495,6.6
3496,1.89
3497,1.17
3498,2.92
3499,1.48
3500,12.82
3501,2.39
3502,1.28
3503,1.47
3504,1.12
3505,1.06
3506,1.9
3507,12.57
3508,1.4
3509,1.39
3510,2.8
3511,2.63
3512,4.95
3513,1.32
3514,11.21
3515,2.42
3516,4.9
3517,15.88
3518,2.77
3519,4.47
3520,2.53
3521,1.13
3522,1.3
3523,1.32
3524,2.44
3525,74.96
3526,1.54
3527,1.44
3528,1.02
3529,1.03
3530,3.74
3531,1.06
3532,1.66
3533,1
3534,1.9
3535,2.97
3536,1.12
3537,12.54
3538,1.9
3539,2.59
3540,1.09
3541,1.45
3542,52.04
3543,1.7
3544,2.19
3545,1.35
3546,2.12
3547,4.41
3548,1.76
3549,9.03
3550,1.55
3551,1
3552,1.06
3553,1.52
3554,1.09
3555,3.59
3556,1.5
3557,178.51
3558,2.05
3559,3.94
3560,1.06
3561,1.68
3562,1.4
3563,1
3564,1.66
3565,31.8
3566,1.34
3567,2.07
3568,1.14
3569,3.41
3570,1.8
3571,2.41
3572,1.32
3573,1.06
3574,2.04
3575,9.39
3576,317.67
3577,1.38
3578,1.44
3579,9.26
3580,25.87
3581,1.22
3582,1
3583,1.7
3584,1.15
3585,1.06
3586,4.33
3587,1.33
3588,1
3589,3.63
3590,1.49
3591,4.09
3592,1.12
3593,1.39
3594,5.86
3595,2.09
3596,8.06
3597,1.38
3598,5.11
3599,1.16
3600,1.15
3601,1.47
3602,1
3603,1.04
3604,1.01
3605,1.18
3606,1.69
3607,9.62
3608,15.9
3609,2.86
3610,1.1
3611,1.74
3612,2.6
3613,3.7
3614,1.77
3615,3.34
3616,2.79
3617,1.26
3618,1.39
3619,2.37
3620,2.1
3621,1.31
3622,1.16
3623,4.09
3624,22.22
3625,2.95
3626,3.12
3627,2.47
3628,1.05
3629,1.03
3630,3.57
3631,7.15
3632,1.53
3633,1.11
3634,1.9
3635,1
3636,2.48
3637,2.73
3638,135.93
3639,8.05
3640,1.62
3641,1.59
3642,1.42
3643,1.49
3644,2.43
3645,2.23
3646,1.05
3647,1.57
3648,1.7
3649,1.74
3650,4.56
3651,6.3
3652,1
3653,1.98
3654,1.06
3655,1.42
3656,2.01
3657,1.73
3658,1.6
3659,1.57
3660,1.71
3661,3.55
3662,1.03
3663,3.01
3664,2.68
3665,3.24
3666,1.75
3667,1.04
3668,1.57
3669,2.14
3670,1.71
3671,3.05
3672,1.58
3673,1.07
3674,3.97
3675,1.14
3676,13.16
3677,3.01
3678,1.35
3679,3.86
3680,1
3681,2.74
3682,4.41
3683,2.25
3684,8.61
3685,1.21
3686,1.2
3687,1.11
3688,1.24
3689,8.83
3690,1.26
3691,1.36
3692,1.76
3693,3.42
3694,7.38
3695,89.14
3696,214.28
3697,1.82
3698,3.82
3699,3.39
3700,1.21
3701,1.47
3702,1.37
3703,2.5
3704,1.77
3705,1.26
3706,14.91
3707,1.12
3708,1.92
3709,2.67
3710,1
3711,2.7
3712,2.51
3713,10.04
3714,3.81
3715,1.15
3716,2.87
3717,1.1
3718,93.14
3719,1.9
3720,2.95
3721,1.14
3722,1.27
3723,1.08
3724,4.36
3725,1.54
3726,1.35
3727,1.54
3728,1.04
3729,1.15
3730,1.53
3731,3.7
3732,1.02
3733,4.58
3734,7.19
3735,1.38
3736,1.54
3737,1.01
3738,31.66
3739,1.42
3740,1.7
3741,4.2
3742,1.39
3743,1.14
3744,3.45
3745,1.17
3746,5.04
3747,2.54
3748,1.52
3749,11.79
3750,3.13
3751,3.51
3752,1.62
3753,4.95
3754,4.41
3755,2.73
3756,3.8
3757,1.07
3758,1.57
3759,5.29
3760,1.12
3761,1.53
3762,1.09
3763,2.37
3764,5.86
3765,3.64
3766,2.46
3767,1.14
3768,1.92
3769,1.84
3770,1.7
3771,3.69
3772,1.39
3773,3.37
3774,1.47
3775,1.17
3776,1.33
3777,1.4
3778,1.5
3779,1.09
3780,1.16
3781,1.37
3782,2.69
3783,1.05
3784,1.05
3785,1.72
3786,4.33
3787,1.88
3788,1.48
3789,1.28
3790,1.08
3791,2.13
3792,1.03
3793,1.49
3794,1.16
3795,2.29
3796,1.1
3797,1.3
3798,1.96
3799,2.71
3800,2.39
3801,2.01
3802,2.58
3803,3.35
3804,4.29
3805,1.26
3806,1.69
3807,1.85
3808,1.28
3809,1.68
3810,1
3811,3.21
3812,18.44
3813,1.14
3814,5.38
3815,35.85
3816,47.7
3817,21.38
3818,3.86
3819,1.28
3820,2.5
3821,15.49
3822,1.25
3823,11.31
3824,2.25
3825,1.24
3826,4.66
3827,1.61
3828,21.1
3829,19.86
3830,1
3831,3.07
3832,1
3833,2.24
3834,1.08
3835,6.46
3836,13.95
3837,6.49
3838,1.64
3839,2.8
3840,3.32
3841,2.21
3842,2.32
3843,12.28
3844,1.2
3845,1.23
3846,1.72
3847,1.5
3848,82.91
3849,1.67
3850,1.46
3851,1.28
3852,2.52
3853,1.91
3854,3.31
3855,3.5
3856,1.35
3857,1.1
3858,1.86
3859,15.24
3860,6.3
3861,3.2
3862,1.77
3863,1.96
3864,4.14
3865,1.5
3866,1.63
3867,2.97
3868,4.43
3869,3.22
3870,1.03
3871,1.11
3872,1
3873,3.16
3874,1
3875,2.19
3876,2.45
3877,6.05
3878,2.32
3879,1.01
3880,12.66
3881,36.69
3882,2.09
3883,5.69
3884,2.19
3885,13.09
3886,1.08
3887,3.61
3888,1.76
3889,4.99
3890,1.91
3891,1.29
3892,4.8
3893,3.42
3894,2.64
3895,2.48
3896,20.66
3897,1.04
3898,1.22
3899,1.15
3900,1
3901,1.2
3902,1.6
3903,6.86
3904,1.44
3905,6.58
3906,2.7
3907,13.82
3908,1.01
3909,4.5
3910,2.11
3911,1
3912,1.11
3913,2.88
3914,2.07
3915,1.07
3916,1.1
3917,1.27
3918,2.14
3919,1.76
3920,13.47
3921,8.45
3922,1.45
3923,1.09
3924,1.43
3925,1.2
3926,3.8
3927,2.93
3928,1.48
3929,1.07
3930,10.72
3931,1.04
3932,4.33
3933,1.56
3934,1.08
3935,8.23
3936,1
3937,1.03
3938,1.95
3939,1.34
3940,2.47
3941,4.39
3942,2.28
3943,3.92
3944,3.71
3945,1.11
3946,330.17
3947,4.04
3948,6.91
3949,7.21
3950,1.11
3951,1.53
3952,1.27
3953,3.14
3954,1.88
3955,15.61
3956,1.53
3957,378.73
3958,8
3959,1.33
3960,1.51
3961,1.18
3962,1.93
3963,1.77
3964,1.15
3965,1
3966,3.22
3967,2.05
3968,2.15
3969,87.99
3970,1.01
3971,1.73
3972,1.55
3973,1.97
3974,1.1
3975,3.67
3976,1.01
3977,6.91
3978,8.55
3979,1.07
3980,1.07
3981,1.98
3982,2.79
3983,1.72
3984,6.81
3985,2.58
3986,2.71
3987,1.02
3988,3.25
3989,1.45
3990,3.86
3991,6.14
3992,1.05
3993,1.21
3994,1.08
3995,1.04
3996,1.93
3997,2.54
3998,1.57
3999,47.25
4000,23.19
4001,1.15
4002,11.57
4003,1.49
4004,2.53
4005,1.4
4006,1.71
4007,1.53
4008,1.24
4009,2.55
4010,5.16
4011,1.9
4012,2.88
4013,173.81
4014,1.33
4015,15
4016,3
4017,1
4018,1.57
4019,1.76
4020,1.1
4021,2.39
4022,3.16
4023,4.21
4024,1.54
4025,2.38
4026,4.21
4027,1.94
4028,28.93
4029,2.7
4030,20.2
4031,1.4
4032,2.05
4033,20.11
4034,2.21
4035,2.06
4036,3.66
4037,3.73
4038,1.38
4039,1.15
4040,15.04
4041,1.87
4042,1.65
4043,10.41
4044,1.04
4045,3.72
4046,3.89
4047,1.01
4048,1.23
4049,1.29
4050,2.53
4051,1.02
4052,1.21
4053,4.52
4054,1.24
4055,3.92
4056,2.12
4057,1.7
4058,3.64
4059,2.8
4060,1.02
4061,1.05
4062,1.51
4063,4.05
4064,1.39
4065,1.11
4066,1.07
4067,1.07
4068,2.52
4069,1.53
4070,1.29
4071,7.4
4072,1.41
4073,13.72
4074,1.25
4075,59.34
4076,2.79
4077,1.57
4078,2.27
4079,4.5
4080,1.1
4081,4.05
4082,2.79
4083,2.28
4084,1.78
4085,154.48
4086,3.85
4087,1.66
4088,7.93
4089,1.18
4090,1.11
4091,2.39
4092,1
4093,1.01
4094,10.2
4095,12.18
4096,13.85
4097,335.71
4098,2.53
4099,1.21
4100,5.2
4101,3.96
4102,1.36
4103,1.2
4104,2.32
4105,1.14
4106,4.29
4107,2.49
4108,2.6
4109,1.02
4110,1.16
4111,3.91
4112,13.96
4113,2.52
4114,1.64
4115,1.32
4116,2.23
4117,1.57
4118,1.82
4119,2.1
4120,2.31
4121,15.84
4122,1.21
4123,2.55
4124,1.58
4125,1.65
4126,1.06
4127,1.29
4128,5.04
4129,1.66
4130,4.41
4131,1.32
4132,1.01
4133,2.64
4134,5.22
4135,2.07
4136,1.14
4137,1.11
4138,1.13
4139,1.75
4140,1.55
4141,1
4142,27.9
4143,4.9
4144,3.59
4145,2.81
4146,1
4147,2.01
4148,2.17
4149,5.56
4150,46.34
4151,21.23
4152,1.36
4153,9.49
4154,1.1
4155,2.64
4156,2.31
4157,1.6
4158,1.15
4159,1.59
4160,56.21
4161,1.88
4162,11.49
4163,6.36
4164,6.15
4165,3
4166,1.05
4167,3.01
4168,2.08
4169,1.49
4170,1.15
4171,1.71
4172,1.64
4173,4.52
4174,3.58
4175,2.29
4176,17.58
4177,1.14
4178,1.14
4179,6.76
4180,1.19
4181,7.45
4182,1.17
4183,20.14
4184,1.98
4185,1.21
4186,3.33
4187,5.43
4188,1.66
4189,2.83
4190,1.26
4191,1.8
4192,1.21
4193,2.17
4194,4.12
4195,192.09
4196,1.65
4197,1.07
4198,1.41
4199,5.01
4200,2.39
4201,1.8
4202,1.11
4203,1.16
4204,1.89
4205,1.6
4206,1.05
4207,2.92
4208,1.09
4209,6.84
4210,1.91
4211,5.85
4212,1.61
4213,2.47
4214,1.5
4215,1.28
4216,1.01
4217,1.36
4218,5.73
4219,1.51
4220,1.05
4221,9.47
4222,1.49
4223,12.03
4224,3.34
4225,1.05
4226,1
4227,1.02
4228,2.01
4229,2.66
4230,5.17
4231,1.66
4232,90.12
4233,10.46
4234,1.29
4235,1.83
4236,1.75
4237,2.08
4238,2.17
4239,4.64
4240,3.73
4241,1.17
4242,8.91
4243,5.99
4244,12.09
4245,1.57
4246,1
4247,1.03
4248,1.01
4249,1.45
4250,1.77
4251,1
4252,3.69
4253,2.19
4254,1.44
4255,1.37
4256,1.16
4257,2.03
4258,1.6
4259,7.75
4260,2.67
4261,3.32
4262,1.11
4263,2.02
4264,23.24
4265,1.13
4266,1.59
4267,1.82
4268,1.07
4269,1.86
4270,1.21
4271,1.39
4272,3.44
4273,1.1
4274,1.92
4275,1.22
4276,2.47
4277,1.12
4278,64.55
4279,2.43
4280,1.73
4281,3.4
4282,1.9
4283,1.74
4284,1.02
4285,1.5
4286,1.69
4287,1.28
4288,7.23
4289,1
4290,1.93
4291,2.8
4292,12.16
4293,27.09
4294,1
4295,5.79
4296,3.23
4297,1.98
4298,7.56
4299,13.37
4300,1.06
4301,1.07
4302,1.8
4303,1.13
4304,7.91
4305,6.58
4306,4.95
4307,2.63
4308,1.11
4309,1.37
4310,2.69
4311,1.35
4312,431.81
4313,1.05
4314,1.13
4315,2.2
4316,2.67
4317,1.11
4318,1.21
4319,3.43
4320,1
4321,3.73
4322,4.46
4323,1.71
4324,2.91
4325,1.4
4326,1.41
4327,206.95
4328,1.31
4329,2.64
4330,1.43
4331,7.66
4332,1.59
4333,1.58
4334,1.85
4335,2.73
4336,1.1
4337,2.13
4338,2.41
4339,2.39
4340,1.04
4341,7.8
4342,1.37
4343,7.47
4344,14.32
4345,6.03
4346,1.19
4347,2.65
4348,1.7
4349,1.82
4350,1.08
4351,1.12
4352,2.22
4353,2.75
4354,1.09
4355,1.17
4356,39.84
4357,1.39
4358,6.46
4359,9.04
4360,2.69
4361,1.95
4362,1.01
4363,1.68
4364,1.25
4365,2.06
4366,1.17
4367,1.56
4368,2.02
4369,1.71
4370,5.47
4371,1.42
4372,2.06
4373,2.56
4374,1.17
4375,4.16
4376,10.52
4377,9.23
4378,2.67
4379,1.26
4380,2.71
4381,1.14
4382,6.16
4383,3.87
4384,6.06
4385,1.44
4386,3.02
4387,2.75
4388,1.35
4389,3.75
4390,1.35
4391,1.54
4392,24.66
4393,1.84
4394,6.26
4395,2.42
4396,1.45
4397,1.04
4398,1.69
4399,6.86
4400,126.26
4401,1.04
4402,7.44
4403,3.72
4404,25.85
4405,1.66
4406,5.27
4407,2.83
4408,2.36
4409,1.91
4410,1.05
4411,2.06
4412,7.84
4413,1
4414,11.1
4415,1.49
4416,1.35
4417,4.57
4418,3.88
4419,4.01
4420,100.97
4421,8.2
4422,1.24
4423,34.63
4424,4.29
4425,7.18
4426,1.32
4427,3.78
4428,1.82
4429,1.15
4430,2.77
4431,1.54
4432,1.11
4433,1.24
4434,1.15
4435,1.43
4436,11.56
4437,1.09
4438,12.94
4439,3.55
4440,1.25
4441,2.45
4442,1.75
4443,2.16
4444,1.92
4445,9.81
4446,8.48
4447,5.81
4448,4.29
4449,1.51
4450,7.49
4451,140.78
4452,15.06
4453,1.11
4454,4.94
4455,2.48
4456,4.54
4457,1.33
4458,4.15
4459,1.62
4460,3.91
4461,1
4462,1.65
4463,14.07
4464,1.56
4465,1.37
4466,29.47
4467,4.09
4468,1.12
4469,1.76
4470,1.69
4471,15.27
4472,4.14
4473,2.37
4474,1.45
4475,1.57
4476,3.05
4477,2.6
4478,4.86
4479,1.29
4480,2.48
4481,2.58
4482,3.82
4483,1.07
4484,1.9
4485,2.79
4486,2.46
4487,1.6
4488,2.05
4489,3.32
4490,2.56
4491,1
4492,1.3
4493,1.35
4494,2.18
4495,1.79
4496,1.31
4497,1.11
4498,7.87
4499,1.75
4500,1.27
4501,8.33
4502,1.95
4503,2.94
4504,1.96
4505,2.03
4506,3.13
4507,5.59
4508,18.16
4509,2.28
4510,13.86
4511,1.4
4512,2.77
4513,1.05
4514,5.34
4515,1
4516,1.35
4517,1.88
4518,1.09
4519,4.02
4520,1.05
4521,1.51
4522,1.37
4523,1.27
4524,1.2
4525,1.28
4526,1
4527,206.73
4528,4.76
4529,4.95
4530,1.97
4531,2
4532,1.48
4533,1.41
4534,1.61
4535,10.68
4536,2.93
4537,3.34
4538,2.49
4539,2.33
4540,1.54
4541,1.57
4542,1.15
4543,1.81
4544,1.61
4545,1
4546,55.23
4547,2.76
4548,4.94
4549,1.24
4550,1.94
4551,1.35
4552,1.52
4553,28.07
4554,3.41
4555,24.47
4556,13.42
4557,55.65
4558,1.89
4559,1.02
4560,4.15
4561,1.18
4562,2.64
4563,6.57
4564,22.63
4565,16.89
4566,4.5
4567,1.26
4568,1.06
4569,9.02
4570,2.08
4571,5.6
4572,3.97
4573,4.2
4574,1.82
4575,9.39
4576,1.4
4577,1.05
4578,1.49
4579,1.27
4580,1.33
4581,1.02
4582,1.22
4583,2.19
4584,2.17
4585,1.75
4586,1.51
4587,1.2
4588,3.2
4589,1.88
4590,4.92
4591,57.98
4592,1.13
4593,5.04
4594,1.29
4595,1.43
4596,1.99
4597,44.1
4598,1.61
4599,1.53
4600,1.03
4601,1.05
4602,1.62
4603,1.55
4604,33.39
4605,1.42
4606,4.12
4607,1.54
4608,3.08
4609,1
4610,1.03
4611,9.11
4612,7.48
4613,1.68
4614,1.32
4615,6.34
4616,2.28
4617,10.57
4618,1.66
4619,1.09
4620,1.39
4621,1.93
4622,1.84
4623,1.94
4624,2.02
4625,2.84
4626,1.55
4627,1.37
4628,1.02
4629,2.4
4630,1.38
4631,2.53
4632,2.11
4633,1.53
4634,4.39
4635,2.59
4636,1
4637,2.12
4638,1.94
4639,2.91
4640,2.46
4641,1.66
4642,10.43
4643,2.58
4644,7.69
4645,2.35
4646,1.86
4647,1.1
4648,1.19
4649,2.27
4650,36.68
4651,1.58
4652,1.18
4653,12.4
4654,4.65
4655,1.21
4656,1.31
4657,2.08
4658,4.77
4659,4.1
4660,1
4661,2.56
4662,1.21
4663,14.84
4664,1.13
4665,1.43
4666,4.88
4667,2.02
4668,11.43
4669,1.97
4670,1.95
4671,1.4
4672,3.23
4673,6.36
4674,4.81
4675,1.12
4676,2.52
4677,1.18
4678,1
4679,1.31
4680,1.98
4681,1.12
4682,10.97
4683,1.47
4684,2.07
4685,1.41
4686,1.36
4687,1.11
4688,14.01
4689,1.45
4690,1.15
4691,1.97
4692,1
4693,1.94
4694,1.42
4695,1.52
4696,3.25
4697,1.58
4698,1.18
4699,2.9
4700,46.21
4701,8.2
4702,3.38
4703,2.01
4704,28.06
4705,1.91
4706,1.15
4707,2.91
4708,2.11
4709,1.09
4710,1.19
4711,4.8
4712,2.85
4713,2.05
4714,1.54
4715,1.4
4716,1.35
4717,1.05
4718,2.1
4719,2.83
4720,4.62
4721,1.34
4722,1.46
4723,1.4
4724,1.67
4725,1.34
4726,1.28
4727,6.01
4728,2.02
4729,1.07
4730,113.23
4731,1.35
4732,3.38
4733,3.2
4734,1.66
4735,18.1
4736,1.77
4737,18.5
4738,1.16
4739,1.32
4740,1.82
4741,1.49
4742,2.23
4743,1.68
4744,1.21
4745,1.51
4746,1.76
4747,2.43
4748,1.2
4749,2.99
4750,2.84
4751,1.41
4752,1.79
4753,2.56
4754,1.68
4755,1
4756,1.83
4757,1.28
4758,1.49
4759,1.52
4760,1.51
4761,2.2
4762,1.32
4763,1.58
4764,4.7
4765,1.64
4766,1.31
4767,1.11
4768,16.76
4769,29.05
4770,2.15
4771,2.11
4772,1.39
4773,1.74
4774,6.52
4775,1.06
4776,6.9
4777,21.99
4778,1.59
4779,1.19
4780,1.17
4781,2.99
4782,1.99
4783,1.69
4784,6.23
4785,1.29
4786,5.8
4787,1.33
4788,37.61
4789,2.28
4790,1.53
4791,1.49
4792,1.53
4793,1.77
4794,2.31
4795,1.88
4796,1.64
4797,1.03
4798,1.47
4799,7.31
4800,1.39
4801,1.83
4802,2.4
4803,1.55
4804,1.14
4805,1.34
4806,1.88
4807,4.48
4808,12.43
4809,3
4810,3.21
4811,1.34
4812,37.1
4813,2.13
4814,1.23
4815,1.1
4816,2.22
4817,1.13
4818,3.54
4819,4.79
4820,1.04
4821,27.99
4822,6.42
4823,3.12
4824,2.47
4825,1.34
4826,1.05
4827,5.16
4828,1.14
4829,4.46
4830,1.74
4831,5.49
4832,1.52
4833,1.25
4834,1.79
4835,41.8
4836,2.14
4837,6.39
4838,1.07
4839,27.28
4840,1.67
4841,1.14
4842,2.67
4843,1.41
4844,1.01
4845,7.71
4846,1.14
4847,1.08
4848,2.15
4849,11.75
4850,1.45
4851,1.64
4852,3.06
4853,6.31
4854,1.63
4855,3.02
4856,1.21
4857,12.38
4858,3.65
4859,1.39
4860,2.08
4861,7376.18
4862,3.58
4863,4.96
4864,1.51
4865,1.67
4866,1.12
4867,2.37
4868,1.14
4869,2.73
4870,1.38
4871,1
4872,1.22
4873,1.28
4874,2.61
4875,1.33
4876,1.15
4877,6.4
4878,1
4879,1.17
4880,1.27
4881,1.55
4882,1.01
4883,1.05
4884,1.41
4885,3.23
4886,2.74
4887,1.41
4888,1.05
4889,1.02
4890,13.28
4891,2.89
4892,1.07
4893,4.19
4894,1.14
4895,1.68
4896,3.78
4897,4.27
4898,1.08
4899,5.13
4900,2.53
4901,5.29
4902,1.04
4903,5.91
4904,2.03
4905,64.63
4906,1.83
4907,1.62
4908,1.07
4909,1.2
4910,3.93
4911,6.09
4912,1.36
4913,1.1
4914,1.1
4915,1.22
4916,2.04
4917,3
4918,1.29
4919,1.8
4920,1.07
4921,10.45
4922,3.89
4923,2.1
4924,9.75
4925,1.3
4926,2.73
4927,1.2
4928,27.56
4929,5.31
4930,3.48
4931,4.85
4932,1.94
4933,12.35
4934,1.08
4935,3.82
4936,2.18
4937,1.7
4938,1.02
4939,1.15
4940,4.14
4941,5.76
4942,1.29
4943,1
4944,13.64
4945,1.13
4946,1.37
4947,3.12
4948,1.28
4949,11.03
4950,1.5
4951,1.02
4952,2.97
4953,1.12
4954,6.45
4955,7.86
4956,5.03
4957,1.16
4958,3.79
4959,3.5
4960,1
4961,6.85
4962,1.14
4963,6.53
4964,5.51
4965,1.15
4966,1.06
4967,8.99
4968,3.05
4969,1.04
4970,12.77
4971,1.17
4972,1.83
4973,1.52
4974,3.98
4975,1.63
4976,1.31
4977,3.56
4978,6.37
4979,1.06
4980,4.64
4981,3.56
4982,4.65
4983,1.4
4984,1.28
4985,13.88
4986,1.04
4987,1.66
4988,3
4989,1.66
4990,1.05
4991,1.94
4992,1.4
4993,1.82
4994,2.92
4995,1.21
4996,1.12
4997,1.04
4998,1.33
4999,4.59
5000,23.06
5001,6.11
5002,33.88
5003,5.07
5004,1.24
5005,1.06
5006,4.55
5007,1.24
5008,1
5009,3.87
5010,1.6
5011,1.76
5012,1.1
5013,1.07
5014,1.04
5015,2.7
5016,1.75
5017,7.66
5018,5.56
5019,1.08
5020,1.99
5021,1.15
5022,1.04
5023,1.15
5024,2.36
5025,1.7
5026,1.99
5027,3.12
5028,1.47
5029,1.56
5030,17.34
5031,5.2
5032,3.53
5033,1.14
5034,1.04
5035,1.27
5036,1.07
5037,73.46
5038,1
5039,3.9
5040,1.87
5041,3.1
5042,3.11
5043,2.99
5044,2.02
5045,1.09
5046,2.02
5047,1.18
5048,5.36
5049,12.6
5050,3.48
5051,1
5052,1.02
5053,1.89
5054,1.81
5055,6.57
5056,1.39
5057,5.03
5058,1.64
5059,2.99
5060,1.09
5061,4.23
5062,5.62
5063,1.68
5064,1.46
5065,3.25
5066,1.24
5067,1.1
5068,5.29
5069,4.77
5070,2.04
5071,3.02
5072,1.1
5073,1.89
5074,2.02
5075,2.86
5076,2.1
5077,1.27
5078,2.09
5079,1.1
5080,8.31
5081,2.57
5082,3.9
5083,1.93
5084,1.63
5085,3.88
5086,8.81
5087,2.03
5088,1.35
5089,1.85
5090,3.39
5091,1.45
5092,6.11
5093,1.26
5094,383.06
5095,1.01
5096,1.3
5097,1.18
5098,1.36
5099,1.21
5100,6.29
5101,1.97
5102,1.12
5103,1.44
5104,3.21
5105,1.42
5106,1.05
5107,2.58
5108,1.04
5109,1.35
5110,1.68
5111,1.02
5112,1.01
5113,3.42
5114,1.02
5115,1.05
5116,1.77
5117,1.6
5118,4.09
5119,2.05
5120,1.45
5121,1.77
5122,1.14
5123,2.32
5124,5.7
5125,1.2
5126,10.43
5127,3.63
5128,2.73
5129,1.48
5130,1.43
5131,4.84
5132,1.23
5133,1.17
5134,2.29
5135,2.07
5136,7.26
5137,1.23
5138,1
5139,2.39
5140,1.98
5141,1.03
5142,1.49
5143,7.73
5144,1.6
5145,3.29
5146,4.86
5147,2.07
5148,2.35
5149,1.02
5150,1.42
5151,1.96
5152,1.04
5153,3.11
5154,1
5155,1.14
5156,4.8
5157,1.37
5158,1.02
5159,11.61
5160,1.03
5161,1.72
5162,5.82
5163,2.33
5164,57.51
5165,1.15
5166,1.52
5167,2.58
5168,1.11
5169,1.26
5170,1.31
5171,3.07
5172,1.29
5173,1.09
5174,1.02
5175,1.42
5176,1.06
5177,1.55
5178,1.66
5179,10.13
5180,1.39
5181,2.29
5182,1.44
5183,3.29
5184,1.23
5185,1.02
5186,5.81
5187,1.33
5188,1.16
5189,3.23
5190,4.38
5191,1
5192,2.92
5193,2.69
5194,1.22
5195,1.98
5196,1.13
5197,1.53
5198,5.35
5199,4.9
5200,1.26
5201,28.07
5202,1.55
5203,1.07
5204,5.55
5205,1.56
5206,1.3
5207,5.78
5208,1.24
5209,1.01
5210,3.09
5211,4.74
5212,9.89
5213,1.69
5214,10.45
5215,8.85
5216,1.63
5217,1.09
5218,2.42
5219,1.14
5220,9.03
5221,1
5222,1.13
5223,7.74
5224,1.99
5225,18.59
5226,1.59
5227,1.33
5228,1.47
5229,1
5230,6.82
5231,1.72
5232,10.14
5233,2.26
5234,29.28
5235,1.09
5236,1.08
5237,2.42
5238,1.63
5239,14.77
5240,5.37
5241,4.11
5242,1.56
5243,1.34
5244,1.02
5245,3.89
5246,1.9
5247,14.14
5248,1.03
5249,168.32
5250,2.4
5251,1.08
5252,5.63
5253,1.85
5254,2.69
5255,1.79
5256,4.22
5257,4.86
5258,1
5259,2.95
5260,25.02
5261,29.53
5262,1.25
5263,1.34
5264,7.21
5265,2.1
5266,1.46
5267,1.69
5268,18.48
5269,1.32
5270,1.95
5271,1.1
5272,1.17
5273,1.72
5274,1.98
5275,1.27
5276,1.74
5277,2.16
5278,2.03
5279,2.22
5280,1
5281,1.03
5282,2.78
5283,1.29
5284,1
5285,4.84
5286,2.39
5287,2341.97
5288,1.53
5289,5.13
5290,4.56
5291,2.89
5292,1.11
5293,4.83
5294,1.83
5295,1.41
5296,1.34
5297,2.16
5298,1.86
5299,1.01
5300,1.11
5301,2.13
5302,2.94
5303,2.03
5304,1.04
5305,1.8
5306,2.16
5307,2.25
5308,1.33
5309,1.15
5310,8.08
5311,2.07
5312,1.17
5313,2.74
5314,3.87
5315,1.12
5316,2.23
5317,2.03
5318,2.22
5319,1.23
5320,1.28
5321,1.06
5322,1.47
5323,3.82
5324,1.98
5325,1.26
5326,2.55
5327,1.05
5328,1.53
5329,1.97
5330,1.61
5331,1.04
5332,6.99
5333,1.41
5334,57.05
5335,1.9
5336,1.34
5337,2.17
5338,1.1
5339,2.18
5340,8.67
5341,1.58
5342,56.76
5343,1.15
5344,1.05
5345,18.5
5346,1.92
5347,27.14
5348,3.63
5349,6.32
5350,1.04
5351,43.03
5352,1.29
5353,1.16
5354,1.77
5355,1
5356,1.38
5357,1.09
5358,1.66
5359,1.37
5360,6.09
5361,2.77
5362,1.28
5363,2.29
5364,14
5365,2.3
5366,1
5367,2.93
5368,1.01
5369,1.8
5370,5.68
5371,6.71
5372,1.25
5373,1.18
5374,1.49
5375,3.5
5376,62.77
5377,3.6
5378,1.4
5379,17.46
5380,6.47
5381,1.23
5382,1.77
5383,2.4
5384,1
5385,1.8
5386,2.94
5387,3.25
5388,4.83
5389,1.22
5390,2.46
5391,1.15
5392,26.15
5393,2.48
5394,1.45
5395,1.57
5396,4.06
5397,1.59
5398,28.24
5399,2.75
5400,1.79
5401,1.72
5402,3.59
5403,4.57
5404,1.47
5405,2.19
5406,5.03
5407,18.44
5408,1.34
5409,1.9
5410,15.79
5411,1.32
5412,33.44
5413,2.92
5414,4.5
5415,78.55
5416,1.02
5417,5.59
5418,1.21
5419,1.36
5420,1.74
5421,1.13
5422,1.05
5423,1.18
5424,1.04
5425,2.28
5426,5.34
5427,2.03
5428,1
5429,7.02
5430,19.44
5431,4.11
5432,2.59
5433,1
5434,2.46
5435,3.65
5436,2.76
5437,1.01
5438,1.59
5439,1.77
5440,3.54
5441,4.75
5442,1.59
5443,1.11
5444,8.29
5445,1.15
5446,24.19
5447,1.09
5448,1.32
5449,1.32
5450,38.06
5451,2.67
5452,1
5453,1.24
5454,2.25
5455,1.95
5456,1.02
5457,1.36
5458,1.09
5459,1.86
5460,1.57
5461,5.8
5462,2.99
5463,1.25
5464,2.78
5465,1.05
5466,1.88
5467,1.46
5468,4.81
5469,27.96
5470,1.05
5471,3.41
5472,1.71
5473,1.19
5474,1.44
5475,4.3
5476,1
5477,1.51
5478,2.92
5479,1.7
5480,1.8
5481,1.3
5482,2.2
5483,3.17
5484,1.63
5485,4.64
5486,2.86
5487,16.84
5488,10.26
5489,1.17
5490,4.88
5491,1.48
5492,2.1
5493,1.43
5494,4.4
5495,4.82
5496,5.6
5497,2.58
5498,3.47
5499,2.71
5500,10.72
5501,1.51
5502,1.74
5503,1.51
5504,51.59
5505,2.84
5506,11.87
5507,1.12
5508,8.31
5509,2.17
5510,50.04
5511,1.01
5512,3.94
5513,1.65
5514,1.27
5515,4.71
5516,1
5517,1.77
5518,48.52
5519,2.28
5520,4.78
5521,2.05
5522,1.31
5523,107
5524,1.93
5525,2.67
5526,1.89
5527,3.82
5528,3.9
5529,1.21
5530,2.68
5531,1.47
5532,1.65
5533,9.8
5534,2.48
5535,107.31
5536,1.14
5537,2.39
5538,1.41
5539,2.29
5540,1.7
5541,1.11
5542,3.03
5543,7.1
5544,1.17
5545,7.25
5546,1
5547,1
5548,12.77
5549,3.5
5550,1
5551,1
5552,1.16
5553,3.42
5554,1.62
5555,2.62
5556,3.87
5557,5.21
5558,1.62
5559,3.09
5560,1.92
5561,2.13
5562,10.58
5563,4.11
5564,1.29
5565,3.27
5566,1.64
5567,3.44
5568,4.16
5569,1.38
5570,6.6
5571,1.45
5572,7.53
5573,1.08
5574,1.53
5575,1.43
5576,2.37
5577,1.16
5578,3.13
5579,2.97
5580,5.54
5581,1.01
5582,18.76
5583,1.1
5584,2.33
5585,1.81
5586,2.19
5587,2.52
5588,3.02
5589,1.67
5590,1.39
5591,4.55
5592,1.09
5593,1.13
5594,1.02
5595,1.11
5596,4.6
5597,1.63
5598,1.69
5599,1.4
5600,1.31
5601,4.19
5602,2.01
5603,1.19
5604,2.14
5605,1.44
5606,20.8
5607,1.22
5608,23.87
5609,1.12
5610,1.3
5611,1.33
5612,1.77
5613,1.77
5614,2.09
5615,1
5616,2.22
5617,1.47
5618,5.1
5619,1.19
5620,1.58
5621,33.28
5622,2.49
5623,3.25
5624,6.64
5625,2.66
5626,1.52
5627,6.92
5628,13.23
5629,2.03
5630,1.13
5631,1.25
5632,2.1
5633,1.43
5634,1.76
5635,1.87
5636,1
5637,1.85
5638,2.31
5639,1.02
5640,1.16
5641,2.69
5642,10.95
5643,1.16
5644,1.29
5645,1.12
5646,1.6
5647,58.99
5648,2.89
5649,2.93
5650,1.66
5651,1.15
5652,1.2
5653,1.28
5654,6.49
5655,1.17
5656,1.06
5657,1.02
5658,1.65
5659,5.59
5660,1.18
5661,1.72
5662,1.97
5663,1.37
5664,1.11
5665,15.54
5666,2.67
5667,1.5
5668,1.03
5669,1.22
5670,13.08
5671,2.2
5672,1.31
5673,2.33
5674,1.5
5675,1.55
5676,2.2
5677,1.56
5678,4.27
5679,1.17
5680,22.19
5681,5.6
5682,2.4
5683,1.66
5684,39.1
5685,1.39
5686,1.12
5687,1.26
5688,1.61
5689,1.28
5690,1.32
5691,5.09
5692,5.27
5693,12.81
5694,8.64
5695,1.08
5696,1.5
5697,1.23
5698,1.21
5699,2.04
5700,2.84
5701,9.84
5702,3.29
5703,21.69
5704,3.64
5705,2.11
5706,1.38
5707,1
5708,1.57
5709,11.67
5710,1.02
5711,2.91
5712,46.83
5713,1.21
5714,2.45
5715,1.07
5716,165.63
5717,221.31
5718,1.33
5719,3.77
5720,8.08
5721,1.31
5722,4.61
5723,1.31
5724,1.42
5725,1.67
5726,2.98
5727,1.02
5728,2.56
5729,2.42
5730,1.47
5731,10.11
5732,2.38
5733,1.84
5734,1.45
5735,2.42
5736,6.75
5737,5.04
5738,1.59
5739,2.81
5740,1.39
5741,2.03
5742,1.26
5743,1
5744,11.65
5745,1.28
5746,3.35
5747,1.63
5748,2.49
5749,31.15
5750,1.34
5751,2.5
5752,1.37
5753,1.3
5754,1
5755,1.13
5756,1.2
5757,24.15
5758,1.68
5759,1.37
5760,1.05
5761,1
5762,2.1
5763,2.73
5764,1
5765,1.06
5766,5.05
5767,1.24
5768,1.67
5769,10.84
5770,3.18
5771,7.39
5772,2.18
5773,10.84
5774,6.12
5775,6.57
5776,1.47
5777,25837.06
5778,2.05
5779,4.14
5780,1.27
5781,1.38
5782,2.78
5783,1.8
5784,15.17
5785,1.42
5786,1.33
5787,1.97
5788,17.33
5789,58.36
5790,95.27
5791,19.07
5792,6
5793,2.89
5794,1
5795,4.17
5796,1.25
5797,2.19
5798,1.38
5799,1.39
5800,1.06
5801,32.23
5802,2.58
5803,4.95
5804,1.56
5805,1.9
5806,2.64
5807,12.63
5808,1
5809,2.04
5810,1.36
5811,1.42
5812,1.98
5813,1.42
5814,1.05
5815,1.69
5816,1.16
5817,1.34
5818,1.13
5819,1.01
5820,1.16
5821,6.64
5822,5.93
5823,4.7
5824,1
5825,14.63
5826,5.94
5827,4.71
5828,1.31
5829,1
5830,2.19
5831,3.13
5832,1.75
5833,1.13
5834,27.01
5835,1.11
5836,45.98
5837,2.58
5838,1.15
5839,18.38
5840,8.73
5841,1.64
5842,2.79
5843,10.69
5844,37.77
5845,8.18
5846,4.12
5847,3.8
5848,1.47
5849,1.59
5850,2.74
5851,1.29
5852,1.63
5853,1.53
5854,9.89
5855,6.38
5856,1.11
5857,4.51
5858,2.26
5859,17.36
5860,1
5861,1.88
5862,2.58
5863,2.25
5864,3.1
5865,4.52
5866,4.67
5867,1
5868,1.47
5869,1.2
5870,3.97
5871,14.04
5872,74.29
5873,20.65
5874,12.04
5875,5.68
5876,1.4
5877,1.06
5878,1.23
5879,1.78
5880,18.23
5881,2.64
5882,1.77
5883,3.06
5884,2.56
5885,12.33
5886,1.06
5887,2.07
5888,2.73
5889,1
5890,1.07
5891,2.02
5892,2.47
5893,15.07
5894,15.04
5895,1.16
5896,2.35
5897,3.44
5898,1.46
5899,2.36
5900,4.73
5901,1.22
5902,1.19
5903,8.45
5904,2.26
5905,8.98
5906,1.05
5907,2.65
5908,9.51
5909,1.05
5910,6.22
5911,1.26
5912,2.97
5913,1.82
5914,2.24
5915,1.75
5916,1.36
5917,1.03
5918,1.08
5919,2.13
5920,5.87
5921,2.24
5922,1.57
5923,18.65
5924,27.31
5925,1.21
5926,1.22
5927,7.79
5928,3.3
5929,1.1
5930,8.79
5931,1.06
5932,1.42
5933,1.47
5934,2.73
5935,4.64
5936,37.39
5937,1.51
5938,1.56
5939,3.11
5940,72.74
5941,1.56
5942,7.71
5943,1.97
5944,1.27
5945,7.21
5946,1.12
5947,2.03
5948,1.29
5949,1
5950,4.52
5951,1.87
5952,10.19
5953,1.36
5954,1.42
5955,3.92
5956,6.22
5957,2.14
5958,5.93
5959,4.24
5960,1.16
5961,19.74
5962,1.59
5963,3.78
5964,1.74
5965,1.17
5966,1.21
5967,3.87
5968,7.81
5969,3.59
5970,2.35
5971,1.06
5972,1.31
5973,32.92
5974,6.54
5975,2.14
5976,2.51
5977,1.2
5978,6.26
5979,11.24
5980,3.82
5981,4.46
5982,1.46
5983,1.88
5984,1.12
5985,1.05
5986,2.76
5987,2.33
5988,2.19
5989,2.22
5990,6.61
5991,2.38
5992,1.86
5993,1.14
5994,1.14
5995,5.13
5996,1
5997,1.48
5998,1.95
5999,1
6000,19.32
6001,5.1
6002,2.14
6003,5.16
6004,3.19
6005,1.87
6006,1.76
6007,5.22
6008,3.18
6009,13.51
6010,1.41
6011,1.56
6012,2
6013,1.53
6014,2.1
6015,3.47
6016,1.1
6017,1.43
6018,2.76
6019,3.83
6020,1.96
6021,2.12
6022,1.7
6023,1.87
6024,1.37
6025,1.53
6026,4.43
6027,1.49
6028,1.85
6029,1.85
6030,1.1
6031,1.2
6032,4.18
6033,1.46
6034,1.02
6035,1.08
6036,6.48
6037,1.59
6038,1.57
6039,3.07
6040,11.24
6041,5.8
6042,1.69
6043,17.34
6044,1.42
6045,1.23
6046,1.79
6047,1.11
6048,2.64
6049,3.13
6050,1
6051,1.34
6052,1.18
6053,1.46
6054,4.21
6055,1.64
6056,1
6057,1.26
6058,1
6059,3.64
6060,1.68
6061,1.45
6062,8.41
6063,2.06
6064,8.41
6065,10.32
6066,1.3
6067,1.21
6068,1.66
6069,1.44
6070,23.12
6071,1.03
6072,1.43
6073,1.95
6074,1.33
6075,26.56
6076,1.67
6077,1.05
6078,1.69
6079,2.35
6080,5.78
6081,1.05
6082,1.51
6083,1.33
6084,1.92
6085,3.68
6086,2.32
6087,1.22
6088,1.24
6089,1.01
6090,2.61
6091,1
6092,1.08
6093,1.38
6094,7.61
6095,3.65
6096,1.75
6097,1.28
6098,1.29
6099,1.41
6100,2.87
6101,1.79
6102,1
6103,3.94
6104,1.89
6105,1.87
6106,4.49
6107,1.1
6108,1.05
6109,1.43
6110,3.8
6111,22.31
6112,4.79
6113,1.4
6114,2.45
6115,1.43
6116,1.13
6117,1.88
6118,1.98
6119,1.14
6120,2.34
6121,1.52
6122,1.46
6123,1.25
6124,20.47
6125,1.17
6126,4.68
6127,15.2
6128,1.09
6129,1.64
6130,1.46
6131,6.19
6132,1.85
6133,4.99
6134,5.3
6135,1.27
6136,1.29
6137,2.13
6138,3.41
6139,1.26
6140,8.06
6141,1.69
6142,13.74
6143,2.02
6144,2.08
6145,2.06
6146,1.63
6147,12.7
6148,1.37
6149,2.92
6150,1.11
6151,1.12
6152,5.92
6153,2.9
6154,3.39
6155,1.5
6156,8.62
6157,1.02
6158,1.21
6159,1.94
6160,2.04
6161,1.82
6162,1.32
6163,2.86
6164,1.33
6165,1.04
6166,2.9
6167,1.49
6168,10.5
6169,1.4
6170,1.23
6171,1.95
6172,3.6
6173,13.13
6174,5.83
6175,84.42
6176,40.51
6177,2.03
6178,6.46
6179,23.85
6180,1.35
6181,1.35
6182,1.09
6183,1.2
6184,8.44
6185,1.59
6186,15.39
6187,3.34
6188,1.14
6189,1.22
6190,4.73
6191,3.78
6192,29.28
6193,1.39
6194,3.08
6195,3.76
6196,1.21
6197,24.63
6198,1.28
6199,2.33
6200,1.64
6201,1.45
6202,7.1
6203,1.13
6204,33.39
6205,1.14
6206,2.86
6207,3.69
6208,1
6209,2.71
6210,1.96
6211,1.98
6212,1.88
6213,2.41
6214,1.27
6215,80.88
6216,8.56
6217,8.55
6218,2.34
6219,1.61
6220,9.31
6221,1.27
6222,1.31
6223,10.4
6224,1.51
6225,1.17
6226,1.01
6227,2.09
6228,1.47
6229,2.81
6230,1.77
6231,2.99
6232,1.95
6233,1.38
6234,1.07
6235,2.96
6236,1.53
6237,3.16
6238,1.51
6239,1.62
6240,1.09
6241,2.86
6242,1.03
6243,2.03
6244,4.61
6245,1.67
6246,6.16
6247,1.15
6248,1.01
6249,1
6250,3.32
6251,1.52
6252,1.81
6253,4.59
6254,2.05
6255,2.31
6256,3.72
6257,11.34
6258,12.96
6259,1.26
6260,2.24
6261,2.89
6262,2.12
6263,2.06
6264,1.48
6265,1.48
6266,1.05
6267,1.51
6268,84.18
6269,1.04
6270,1.13
6271,1.63
6272,3.24
6273,1.78
6274,1.77
6275,2.54
6276,1.4
6277,2.54
6278,7.92
6279,1.05
6280,1.12
6281,1.62
6282,1.02
6283,1.42
6284,2.35
6285,2.91
6286,5.63
6287,1.67
6288,2.73
6289,1.4
6290,1.82
6291,1.29
6292,3.4
6293,1.08
6294,1.34
6295,1.81
6296,5.48
6297,134.16
6298,2.03
6299,2.73
6300,3.59
6301,1.06
6302,1.12
6303,9.09
6304,1.21
6305,1.12
6306,1.59
6307,1.7
6308,2.52
6309,1.33
6310,1.18
6311,12.91
6312,1.44
6313,1.61
6314,1
6315,1.35
6316,1.22
6317,1.56
6318,6.84
6319,4.37
6320,1.17
6321,3.33
6322,2.96
6323,1.02
6324,1.1
6325,1.06
6326,4.51
6327,5.62
6328,1.67
6329,1.31
6330,2.83
6331,2.15
6332,1.92
6333,3.71
6334,11.07
6335,2.67
6336,1.79
6337,2.2
6338,1.29
6339,2.56
6340,4.54
6341,1.19
6342,1.75
6343,2.05
6344,1.44
6345,1.18
6346,10.48
6347,4.26
6348,2.71
6349,2.99
6350,1.2
6351,2.41
6352,1.54
6353,4.8
6354,1.5
6355,1.49
6356,1.89
6357,1.16
6358,4.97
6359,3.96
6360,2.19
6361,2.69
6362,1.77
6363,1.11
6364,5.88
6365,2.12
6366,1.1
6367,10.1
6368,1.88
6369,1.02
6370,11.87
6371,1.78
6372,1.25
6373,4.66
6374,3.89
6375,1.44
6376,2.04
6377,7.07
6378,3.23
6379,3.19
6380,1.27
6381,1
6382,1.06
6383,5.32
6384,2.05
6385,2.89
6386,9.53
6387,2.07
6388,1.04
6389,3.52
6390,4.09
6391,2.11
6392,1.12
6393,1
6394,1.01
6395,3.94
6396,1.78
6397,1.05
6398,1.27
6399,1.42
6400,3.1
6401,1.81
6402,5.19
6403,2.74
6404,1.13
6405,1.67
6406,3.47
6407,1.11
6408,1.69
6409,3.07
6410,8.51
6411,1.59
6412,4.13
6413,1.81
6414,2.04
6415,5.85
6416,1.02
6417,4.13
6418,1.88
6419,1.82
6420,3.49
6421,2.67
6422,1.45
6423,1.29
6424,1.54
6425,8.69
6426,1.03
6427,6.1
6428,1.48
6429,3.23
6430,2.97
6431,1.18
6432,1
6433,4.89
6434,28.89
6435,1.27
6436,2.1
6437,1.01
6438,1.89
6439,4.9
6440,1.07
6441,2.05
6442,1.41
6443,1.03
6444,13.68
6445,1.34
6446,1.45
6447,7.89
6448,1.37
6449,1
6450,1.22
6451,2.08
6452,1.06
6453,1.43
6454,2.38
6455,8.33
6456,4.04
6457,12.77
6458,11.81
6459,1.98
6460,1.51
6461,1.63
6462,2.93
6463,4.82
6464,5.52
6465,16.05
6466,1.09
6467,1.75
6468,1.06
6469,2.71
6470,1.36
6471,29.1
6472,2.69
6473,4.36
6474,2.37
6475,1.82
6476,3.16
6477,3.41
6478,2.36
6479,4.68
6480,4.24
6481,1.51
6482,15.83
6483,1.01
6484,9.48
6485,1.58
6486,5.99
6487,1.09
6488,3.4
6489,2.76
6490,2.68
6491,3.1
6492,1.14
6493,3.62
6494,3
6495,2.27
6496,1.03
6497,88.37
6498,1.83
6499,3.19
6500,2.3
6501,1.51
6502,14.2
6503,2.7
6504,9.77
6505,8
6506,8.82
6507,20.55
6508,4.76
6509,1.25
6510,3.9
6511,1.17
6512,1.88
6513,1.02
6514,1
6515,2.77
6516,2.89
6517,1.39
6518,7.44
6519,1.15
6520,1.92
6521,1.23
6522,1.94
6523,1.68
6524,1.74
6525,11.34
6526,5.76
6527,2.85
6528,1.32
6529,1.24
6530,1.38
6531,3.15
6532,3.4
6533,1.79
6534,4.39
6535,3.11
6536,1
6537,2.56
6538,3.93
6539,1.2
6540,1.36
6541,4.74
6542,1.02
6543,4.14
6544,1.58
6545,1.88
6546,1.27
6547,7.26
6548,1.58
6549,1
6550,5.02
6551,1.82
6552,44.96
6553,1.58
6554,2.96
6555,2.87
6556,2.11
6557,1.38
6558,1.36
6559,1
6560,2
6561,2.4
6562,1.43
6563,1.08
6564,15.46
6565,14.2
6566,2.64
6567,7.26
6568,1.15
6569,2.79
6570,3.73
6571,2.89
6572,1.02
6573,11.42
6574,5.86
6575,2.26
6576,1.39
6577,9.73
6578,1.05
6579,1.07
6580,5.09
6581,3.36
6582,4.22
6583,2.36
6584,1.75
6585,1.23
6586,1.12
6587,2.65
6588,2.53
6589,1.09
6590,1.22
6591,2.78
6592,1.25
6593,1
6594,3.05
6595,1.35
6596,2.02
6597,3.42
6598,5.54
6599,1.44
6600,1.47
6601,10.6
6602,3.6
6603,4.32
6604,2.32
6605,3.48
6606,1.22
6607,1.02
6608,1.48
6609,1.96
6610,1.47
6611,1.74
6612,1.48
6613,1.3
6614,2.36
6615,5.18
6616,1.41
6617,19.81
6618,2.27
6619,85.59
6620,2.18
6621,1.1
6622,1.28
6623,2.52
6624,1
6625,7.1
6626,4.87
6627,2.28
6628,3.53
6629,1.13
6630,1.08
6631,45.84
6632,1
6633,1
6634,1.96
6635,5.03
6636,1.36
6637,3.06
6638,2.27
6639,1.56
6640,2.25
6641,1.02
6642,1.65
6643,1.42
6644,1.59
6645,1.5
6646,1.04
6647,1.02
6648,1.44
6649,3.28
6650,1.19
6651,9.35
6652,1.44
6653,1.49
6654,3.87
6655,17.9
6656,7.24
6657,3.06
6658,1
6659,1.13
6660,2.94
6661,11.52
6662,1.29
6663,2.79
6664,1.11
6665,1.51
6666,2.41
6667,4.43
6668,1.2
6669,2.01
6670,3.07
6671,1.04
6672,1.12
6673,30.03
6674,1.44
6675,1.07
6676,1.92
6677,1
6678,2.64
6679,10.16
6680,2.02
6681,1
6682,1.14
6683,2.52
6684,13.08
6685,1
6686,4.4
6687,1.88
6688,5.63
6689,2.79
6690,1.71
6691,7.33
6692,1.05
6693,3.05
6694,2.3
6695,1.51
6696,8.39
6697,1.44
6698,7.75
6699,43.91
6700,1.56
6701,1.69
6702,11.11
6703,1.27
6704,1.26
6705,12.22
6706,5.85
6707,1.16
6708,1.06
6709,4.82
6710,1.21
6711,3.53
6712,1.03
6713,4.01
6714,1.52
6715,1.25
6716,1.41
6717,1.26
6718,1.54
6719,7.2
6720,1.88
6721,18.9
6722,84.13
6723,1.19
6724,25.41
6725,1.45
6726,1.96
6727,2.81
6728,3.82
6729,1.44
6730,7.32
6731,38.74
6732,1.03
6733,6.15
6734,4.83
6735,1.97
6736,1.12
6737,2.06
6738,2.39
6739,1.6
6740,1.06
6741,4.66
6742,1.67
6743,2.75
6744,1.67
6745,23.71
6746,3.86
6747,1.08
6748,33.79
6749,10.39
6750,3.98
6751,2.77
6752,1.22
6753,1.54
6754,34.27
6755,3.16
6756,1.51
6757,1.51
6758,5.19
6759,1.07
6760,1
6761,1.79
6762,1.01
6763,1.43
6764,1.3
6765,1.52
6766,1.16
6767,7.08
6768,3.29
6769,2.26
6770,1.03
6771,4.02
6772,1.97
6773,1
6774,1.39
6775,1.24
6776,1.42
6777,5.07
6778,1.16
6779,2.35
6780,1.14
6781,1.06
6782,1.09
6783,1.62
6784,2.34
6785,2.55
6786,1
6787,1.48
6788,1.12
6789,7.82
6790,1.25
6791,2.35
6792,1.5
6793,1.96
6794,3.85
6795,1.19
6796,2.09
6797,4.7
6798,4.39
6799,3.04
6800,4.77
6801,1.28
6802,3.69
6803,1.18
6804,1.29
6805,46.54
6806,3.92
6807,1.68
6808,20.72
6809,1.26
6810,1.05
6811,2.82
6812,1.62
6813,1.84
6814,2.83
6815,1.83
6816,1.88
6817,33.13
6818,5.06
6819,1.06
6820,11.53
6821,1.01
6822,1.13
6823,5.23
6824,6.63
6825,1.22
6826,121.05
6827,2.68
6828,12.21
6829,1.31
6830,1.01
6831,1.84
6832,8.63
6833,1.36
6834,1.04
6835,119.07
6836,6.65
6837,2.31
6838,2.27
6839,1.22
6840,2.63
6841,6.14
6842,5.51
6843,4.54
6844,1.32
6845,1.13
6846,123.45
6847,3.9
6848,1.72
6849,1.23
6850,7.97
6851,4.4
6852,1.56
6853,1.47
6854,2.51
6855,1.98
6856,3.72
6857,1.5
6858,4.51
6859,1.09
6860,1.71
6861,3.79
6862,1.25
6863,106.31
6864,4.84
6865,8.36
6866,11.01
6867,48.8
6868,1.84
6869,1.37
6870,3.89
6871,1.57
6872,2.26
6873,3.16
6874,42.46
6875,1.13
6876,2
6877,3.33
6878,1.83
6879,18.25
6880,18.89
6881,22.88
6882,5.9
6883,2.36
6884,6.69
6885,1.38
6886,1.37
6887,2.04
6888,1.06
6889,1.47
6890,1.86
6891,1.16
6892,1.2
6893,1.08
6894,2.5
6895,1.8
6896,1.24
6897,3.68
6898,7.42
6899,5.26
6900,1.01
6901,5.53
6902,1.11
6903,1.99
6904,4.69
6905,1.24
6906,1.92
6907,1.05
6908,1.39
6909,27.92
6910,7.13
6911,4.65
6912,1.32
6913,9.34
6914,2.6
6915,3.69
6916,1.24
6917,8.67
6918,1.5
6919,10.28
6920,1.78
6921,1.26
6922,2.47
6923,1.33
6924,1.55
6925,1.29
6926,4.49
6927,4.04
6928,1
6929,1.58
6930,1.18
6931,11.37
6932,1.02
6933,15.97
6934,1.78
6935,4.76
6936,7.29
6937,10.23
6938,5.9
6939,1.92
6940,1.63
6941,2.42
6942,1.86
6943,1.1
6944,5.62
6945,13.23
6946,1.61
6947,2.4
6948,4.24
6949,8.53
6950,27.14
6951,20.02
6952,1.68
6953,1.95
6954,7.27
6955,2.84
6956,1.2
6957,11.23
6958,2.39
6959,1.41
6960,1.51
6961,2.65
6962,1.24
6963,1.02
6964,5.55
6965,1.24
6966,1
6967,5.67
6968,4.95
6969,1.45
6970,1.03
6971,4.28
6972,1.49
6973,1.38
6974,1.47
6975,16
6976,1.62
6977,1.64
6978,2.4
6979,17.03
6980,1.99
6981,1.26
6982,2.44
6983,2.35
6984,1.62
6985,1.33
6986,1.9
6987,19.9
6988,6.94
6989,2.06
6990,1614.09
6991,1.91
6992,2.68
6993,1.71
6994,26.45
6995,20.05
6996,7.25
6997,1.09
6998,1.05
6999,3.39
7000,1
7001,1.11
7002,1.49
7003,1.04
7004,1.05
7005,3.02
7006,1.83
7007,1.55
7008,1.03
7009,8.06
7010,1.3
7011,3.68
7012,1.53
7013,1.75
7014,3.4
7015,1.34
7016,3.57
7017,1.48
7018,3.63
7019,3.2
7020,3.02
7021,1.35
7022,1.66
7023,1.68
7024,2.11
7025,3
7026,1.93
7027,13.93
7028,1.86
7029,1
7030,2.37
7031,1.03
7032,1.46
7033,1
7034,1.77
7035,1.95
7036,2.02
7037,11.66
7038,2.26
7039,6.39
7040,1.11
7041,11.89
7042,1.64
7043,1.66
7044,1.46
7045,1.04
7046,1.44
7047,1.16
7048,1.46
7049,1.19
7050,2.65
7051,1.07
7052,1
7053,5.28
7054,1.5
7055,18.41
7056,1.58
7057,1.35
7058,1.17
7059,15.45
7060,1.72
7061,3.46
7062,1.39
7063,1.39
7064,2.79
7065,2.9
7066,6.32
7067,1.4
7068,1.51
7069,3.52
7070,1.25
7071,15.94
7072,1.86
7073,1.73
7074,8.05
7075,1
7076,2.14
7077,4.73
7078,21.79
7079,1.98
7080,1.4
7081,1.12
7082,3.3
7083,10.37
7084,1.22
7085,2.39
7086,2.39
7087,1.31
7088,6.16
7089,12.33
7090,3.19
7091,2.43
7092,2
7093,2.15
7094,1.13
7095,1.92
7096,1.7
7097,832.32
7098,6.91
7099,2.69
7100,1.14
7101,1.07
7102,1.09
7103,3.82
7104,25.34
7105,2.21
7106,1.57
7107,1.62
7108,1.65
7109,1.27
7110,15.71
7111,2.08
7112,1.34
7113,1.22
7114,1.71
7115,1.34
7116,1.25
7117,1.88
7118,1.01
7119,1.62
7120,5.87
7121,1.41
7122,1.23
7123,1.03
7124,3.48
7125,2.6
7126,2.85
7127,1.74
7128,1.78
7129,1.73
7130,1.19
7131,1.69
7132,3.78
7133,2.73
7134,1.61
7135,1.28
7136,9.8
7137,1.24
7138,1.42
7139,1.33
7140,1.02
7141,5.77
7142,1.24
7143,1.24
7144,67.41
7145,1512.88
7146,1.51
7147,12.45
7148,1.41
7149,1.54
7150,1.85
7151,1.35
7152,1.31
7153,4.79
7154,2.33
7155,1.13
7156,1.74
7157,1.32
7158,2.48
7159,1
7160,2.63
7161,1.62
7162,1.25
7163,1.46
7164,2.65
7165,2.41
7166,1.85
7167,1.67
7168,1.02
7169,263.27
7170,1.14
7171,2.47
7172,2.83
7173,1.07
7174,1.3
7175,45.39
7176,12.25
7177,39.25
7178,1.16
7179,24.43
7180,1.33
7181,1.95
7182,1.54
7183,1.25
7184,28.9
7185,1.75
7186,1.73
7187,25.42
7188,1.75
7189,1.14
7190,2.12
7191,1.37
7192,2.72
7193,1.48
7194,8.07
7195,1.98
7196,1.49
7197,9.31
7198,3.22
7199,1.8
7200,1.25
7201,3.2
7202,3.81
7203,2.16
7204,1.28
7205,5.5
7206,1.95
7207,3.24
7208,1
7209,1.15
7210,1.22
7211,1.35
7212,16.76
7213,1.23
7214,1.08
7215,3.1
7216,1.11
7217,5.53
7218,3.59
7219,1.39
7220,1
7221,15.11
7222,38.59
7223,2.25
7224,3.28
7225,1.36
7226,5.41
7227,1.36
7228,28.72
7229,1.79
7230,1.73
7231,1.92
7232,5.83
7233,1.98
7234,1.73
7235,1.68
7236,5.87
7237,5.21
7238,1.43
7239,1
7240,10.77
7241,5.24
7242,1.69
7243,1.03
7244,1.35
7245,1.38
7246,1.07
7247,1.74
7248,17.7
7249,1.06
7250,1.25
7251,1.28
7252,3.07
7253,1.18
7254,1.4
7255,1.18
7256,3.72
7257,11.32
7258,1.1
7259,1.16
7260,2.75
7261,2.05
7262,162.73
7263,2.25
7264,1.14
7265,2.09
7266,3.33
7267,1.64
7268,1.07
7269,1.18
7270,1.19
7271,1.32
7272,1.08
7273,1.23
7274,1.2
7275,10.2
7276,1.04
7277,1.69
7278,2.23
7279,2.14
7280,1.81
7281,1.61
7282,3.74
7283,5.31
7284,1.26
7285,1.28
7286,2.81
7287,13.97
7288,1.08
7289,2.61
7290,2.36
7291,3.36
7292,10.22
7293,1
7294,1.12
7295,3.44
7296,1.18
7297,8.4
7298,2.02
7299,1.05
7300,1.01
7301,1.28
7302,1.36
7303,1.26
7304,8.42
7305,1.03
7306,5.98
7307,9.79
7308,1.25
7309,3.43
7310,1.55
7311,1.71
7312,8.75
7313,1.39
7314,1.02
7315,1.65
7316,1.78
7317,1.01
7318,1.96
7319,2.65
7320,1.02
7321,5.76
7322,2.03
7323,1.28
7324,1.13
7325,25.59
7326,1.19
7327,1.24
7328,1.76
7329,1.53
7330,2.01
7331,5.28
7332,10.14
7333,2.05
7334,2.06
7335,5.41
7336,3.97
7337,11.94
7338,1
7339,1.52
7340,3.12
7341,4.47
7342,2.61
7343,6.8
7344,1.99
7345,1.81
7346,1.04
7347,4.04
7348,1.05
7349,1.42
7350,2.64
7351,2.89
7352,2.61
7353,1.45
7354,2.96
7355,3.08
7356,6.1
7357,2.73
7358,1.58
7359,57.79
7360,4.63
7361,2.96
7362,1.38
7363,2.54
7364,1.57
7365,3.44
7366,3.86
7367,4.6
7368,1.35
7369,1.45
7370,1.11
7371,1.03
7372,1.42
7373,1
7374,3.46
7375,3.48
7376,7.12
7377,3.84
7378,1.04
7379,15.93
7380,1.45
7381,1.59
7382,1.73
7383,78.31
7384,1.26
7385,1
7386,2.14
7387,1.61
7388,1.23
7389,1.37
7390,1.28
7391,1.1
7392,1.24
7393,1.16
7394,1.15
7395,1.15
7396,1.12
7397,1.04
7398,2.98
7399,1
7400,1.07
7401,1.09
7402,1.2
7403,10.12
7404,3.96
7405,7.25
7406,26.84
7407,1.09
7408,12.74
7409,1.58
7410,5.04
7411,1.35
7412,9.86
7413,1.81
7414,5.47
7415,1.53
7416,1
7417,1.88
7418,1.31
7419,1.49
7420,2
7421,1.91
7422,1.17
7423,4.15
7424,5.11
7425,1.41
7426,1.26
7427,3.39
7428,2.5
7429,1.58
7430,21.1
7431,1.52
7432,2.26
7433,1.21
7434,1.41
7435,1.6
7436,4.54
7437,2.78
7438,5.82
7439,4.81
7440,5.41
7441,1.16
7442,1.66
7443,4.46
7444,3.07
7445,1.74
7446,1.55
7447,19.7
7448,4.12
7449,3.07
7450,25.26
7451,3.63
7452,8.05
7453,1.12
7454,3.66
7455,6.04
7456,2.49
7457,4.76
7458,2.16
7459,2.34
7460,1.62
7461,69.3
7462,1.66
7463,1.04
7464,2.42
7465,3.46
7466,11.94
7467,1.31
7468,1.61
7469,6.45
7470,4.11
7471,1.47
7472,1.69
7473,1.56
7474,1.53
7475,1.55
7476,1.95
7477,2.41
7478,1.38
7479,2.48
7480,4.13
7481,8.94
7482,8.97
7483,1.79
7484,2.09
7485,1.3
7486,1.53
7487,4.49
7488,1.37
7489,1.3
7490,3.76
7491,6.05
7492,42.45
7493,5.66
7494,1.36
7495,1.98
7496,2.39
7497,15.07
7498,1.15
7499,4.05
7500,2.23
7501,10.48
7502,1.11
7503,1.35
7504,1.17
7505,1.13
7506,7.8
7507,3.59
7508,1.7
7509,15.25
7510,3.06
7511,1.73
7512,1.05
7513,5.92
7514,2.43
7515,7.47
7516,30.3
7517,3.85
7518,1.43
7519,1.07
7520,1.18
7521,1.62
7522,1
7523,3.89
7524,1.98
7525,36.71
7526,1.91
7527,2.35
7528,2.79
7529,1
7530,1
7531,2.79
7532,1.63
7533,1.13
7534,2.15
7535,3.21
7536,1.85
7537,58.48
7538,1.53
7539,3.65
7540,5.39
7541,1.68
7542,54.75
7543,1.27
7544,1.49
7545,14.12
7546,2.82
7547,1.25
7548,9.38
7549,1.99
7550,1.12
7551,2.21
7552,132.57
7553,2.95
7554,1.59
7555,16.32
7556,215.62
7557,1.05
7558,1.66
7559,1.7
7560,1.09
7561,4.34
7562,2.67
7563,18.4
7564,14.92
7565,4.69
7566,7.97
7567,7.25
7568,2.52
7569,7
7570,1.93
7571,1.27
7572,4.86
7573,1.14
7574,4.23
7575,1.54
7576,1.04
7577,1.21
7578,5.66
7579,1.45
7580,2.11
7581,5.37
7582,1.12
7583,1.06
7584,3.9
7585,3.2
7586,1
7587,3.82
7588,1.39
7589,1.35
7590,1.76
7591,1.21
7592,1.22
7593,1.11
7594,1.7
7595,19.27
7596,92.98
7597,1.13
7598,2.49
7599,1.06
7600,1.15
7601,4.08
7602,1.26
7603,5.27
7604,3.22
7605,1.27
7606,1.7
7607,1.84
7608,1.12
7609,1.2
7610,1.16
7611,1.2
7612,1.05
7613,1.84
7614,1.22
7615,2.9
7616,4.48
7617,1.5
7618,1.45
7619,1.58
7620,1.12
7621,1.49
7622,1.41
7623,2.98
7624,4.64
7625,1.3
7626,2.1
7627,1.62
7628,19.44
7629,2.28
7630,1
7631,2.08
7632,4.63
7633,1
7634,9.9
7635,1.01
7636,1.62
7637,14.35
7638,9.4
7639,1.29
7640,7.86
7641,2.34
7642,2.47
7643,3.89
7644,38.5
7645,1.31
7646,1.43
7647,1.03
7648,1.47
7649,1.1
7650,1.36
7651,1.64
7652,1.22
7653,1.95
7654,1.11
7655,1.47
7656,1.29
7657,1.53
7658,2.27
7659,3.36
7660,1.47
7661,1.47
7662,1.78
7663,1.05
7664,1.64
7665,1.63
7666,9.54
7667,3497
7668,1.81
7669,1.19
7670,1.14
7671,1.18
7672,2.4
7673,1.21
7674,1.2
7675,1.43
7676,5.51
7677,2.37
7678,7.58
7679,1.67
7680,1.12
7681,2.71
7682,18.97
7683,3.21
7684,37.16
7685,4.41
7686,1.59
7687,13.85
7688,1
7689,2.9
7690,1.8
7691,1.27
7692,36.61
7693,1.35
7694,1.01
7695,1.96
7696,1.76
7697,2.88
7698,12.82
7699,1.7
7700,2.54
7701,53.61
7702,19.18
7703,2.98
7704,15.03
7705,1.76
7706,8.77
7707,1.01
7708,3.42
7709,1.08
7710,7.56
7711,1.43
7712,25.6
7713,1.03
7714,6.51
7715,2.87
7716,3.39
7717,2.95
7718,1.19
7719,1.5
7720,7.13
7721,1.12
7722,1.12
7723,31.74
7724,2.88
7725,1.26
7726,1.85
7727,1.78
7728,2.66
7729,1.35
7730,3.45
7731,5.06
7732,2.26
7733,4.17
7734,2.58
7735,1.95
7736,2.74
7737,6.75
7738,42.83
7739,1.14
7740,1.06
7741,1.08
7742,4.9
7743,3.41
7744,2.46
7745,4.42
7746,1.76
7747,3.58
7748,4.7
7749,12.52
7750,5.87
7751,1.02
7752,1.63
7753,2.55
7754,9.7
7755,1.53
7756,4.02
7757,1.75
7758,2.39
7759,3.01
7760,2.84
7761,1.44
7762,85.92
7763,3.12
7764,3.51
7765,1.3
7766,10.49
7767,6.07
7768,1
7769,6.87
7770,1.66
7771,1.05
7772,1.39
7773,2.25
7774,1.09
7775,1.04
7776,2.1
7777,1.13
7778,2.28
7779,1.18
7780,1.53
7781,1.47
7782,1.46
7783,10.46
7784,2.78
7785,2.29
7786,1.36
7787,3.11
7788,1.14
7789,1.78
7790,1.21
7791,6.85
7792,1.52
7793,1.04
7794,2.48
7795,1.04
7796,1.68
7797,1.37
7798,1.24
7799,1.56
7800,1.01
7801,1.01
7802,1.31
7803,3.99
7804,2.78
7805,1.18
7806,4.56
7807,1.7
7808,1.16
7809,7.57
7810,1
7811,17.54
7812,1.48
7813,4.4
7814,9.67
7815,1.04
7816,6.54
7817,5.2
7818,1.87
7819,1.07
7820,8.76
7821,4.01
7822,1.95
7823,1.69
7824,1.34
7825,1.83
7826,1.03
7827,22.59
7828,7.65
7829,4.39
7830,1.58
7831,6223.01
7832,36.99
7833,2.51
7834,1.25
7835,1.66
7836,4.09
7837,5.79
7838,3.89
7839,1.23
7840,14.28
7841,1.99
7842,1.29
7843,5.72
7844,1.22
7845,1.52
7846,4.74
7847,4.01
7848,1
7849,5.11
7850,1.52
7851,2.47
7852,1
7853,6.19
7854,1.32
7855,2.23
7856,2.16
7857,1.47
7858,3.75
7859,2.31
7860,1.07
7861,1.84
7862,1.28
7863,1.13
7864,1
7865,7.34
7866,3.66
7867,1.94
7868,1.42
7869,2.64
7870,89.91
7871,3.2
7872,1.62
7873,1
7874,10.43
7875,5.58
7876,2.32
7877,6.73
7878,1.58
7879,1.02
7880,1.7
7881,1
7882,1.5
7883,14.03
7884,1.25
7885,4.59
7886,1.65
7887,4.13
7888,14.71
7889,12.8
7890,20.58
7891,93.49
7892,1.03
7893,3.08
7894,1.25
7895,5.04
7896,31.19
7897,1.42
7898,2.28
7899,1.07
7900,5.62
7901,6.5
7902,1.84
7903,2.07
7904,1.03
7905,3.2
7906,1.09
7907,36.36
7908,3.29
7909,3.76
7910,1.17
7911,2.64
7912,287.97
7913,1.38
7914,2.65
7915,14.13
7916,15.73
7917,11.48
7918,2.66
7919,1.28
7920,3.19
7921,2.9
7922,6.6
7923,19.5
7924,2.13
7925,5.43
7926,2.99
7927,4.43
7928,1.54
7929,10.07
7930,1.96
7931,1.18
7932,1.16
7933,3.39
7934,1.47
7935,1.18
7936,1.52
7937,2.4
7938,1.09
7939,1.74
7940,3
7941,5.59
7942,1.12
7943,1.18
7944,2.46
7945,5.07
7946,20.1
7947,38.37
7948,1.09
7949,44.8
7950,1.36
7951,4.24
7952,1.32
7953,1.61
7954,1.72
7955,1.95
7956,2.06
7957,1.1
7958,1.49
7959,1
7960,1.11
7961,4.08
7962,2.08
7963,1.14
7964,1.97
7965,1.16
7966,2.13
7967,2.79
7968,4.19
7969,6.21
7970,3.87
7971,1.86
7972,2.8
7973,1.67
7974,1.24
7975,2.36
7976,13.89
7977,5.04
7978,3.23
7979,2.43
7980,12.01
7981,3.73
7982,2.02
7983,2.34
7984,1.23
7985,1.43
7986,2.11
7987,2.04
7988,1
7989,1.86
7990,8.72
7991,2.24
7992,8.45
7993,1.31
7994,1.92
7995,1
7996,1.01
7997,1.63
7998,1.42
7999,2.42
8000,1.32
8001,8.42
8002,1.12
8003,1.34
8004,7.45
8005,2.52
8006,1.01
8007,5.74
8008,1.07
8009,1.43
8010,7.78
8011,37.49
8012,5.98
8013,1
8014,1.23
8015,6.59
8016,1.11
8017,4.98
8018,4.41
8019,1.01
8020,1.94
8021,7.44
8022,2.68
8023,1.82
8024,1.57
8025,9.35
8026,1.02
8027,1.17
8028,1.28
8029,11.81
8030,1.42
8031,44.6
8032,3.99
8033,3.56
8034,1.22
8035,2.63
8036,1.03
8037,1.03
8038,3.18
8039,8.43
8040,8.81
8041,1.81
8042,2.66
8043,1.34
8044,4.77
8045,4.98
8046,1.02
8047,1.89
8048,1.42
8049,4.27
8050,1.22
8051,28.5
8052,1.78
8053,1.29
8054,1.03
8055,1.52
8056,2.9
8057,1.24
8058,1.44
8059,7.05
8060,8
8061,1.21
8062,7.84
8063,1.91
8064,1.13
8065,1.2
8066,1.01
8067,6.47
8068,4.82
8069,1
8070,2.38
8071,1.35
8072,1.02
8073,4.31
8074,1
8075,1.01
8076,1.6
8077,4.6
8078,1.09
8079,1
8080,1.06
8081,2.98
8082,1.76
8083,1.18
8084,3.83
8085,6.37
8086,1.64
8087,2.54
8088,2.19
8089,1
8090,4.34
8091,1.04
8092,1.52
8093,2.03
8094,3
8095,4.63
8096,1.96
8097,3
8098,1.96
8099,6.06
8100,1.43
8101,1.06
8102,1.39
8103,1.14
8104,1.06
8105,4.98
8106,3.79
8107,1.15
8108,2.42
8109,1.54
8110,1.08
8111,18.44
8112,1.02
8113,1.48
8114,1
8115,1.24
8116,7.19
8117,3.4
8118,1.37
8119,1.75
8120,1.58
8121,3.34
8122,2.53
8123,1.93
8124,1.01
8125,17.99
8126,3.17
8127,1.52
8128,1.43
8129,3.05
8130,1.76
8131,1
8132,14.14
8133,1.22
8134,3.76
8135,1.3
8136,9.83
8137,1.85
8138,1.99
8139,1.14
8140,1
8141,1.4
8142,4.39
8143,1.28
8144,1.02
8145,1.08
8146,2.46
8147,1.39
8148,5.09
8149,1.07
8150,1.3
8151,1.98
8152,4.77
8153,1.66
8154,2.44
8155,2.08
8156,2.25
8157,1.42
8158,1.03
8159,1.05
8160,2.99
8161,5.72
8162,1.11
8163,4.35
8164,1.96
8165,8.28
8166,1.05
8167,1.04
8168,11.4
8169,3.78
8170,1.24
8171,1.06
8172,2.86
8173,2.39
8174,22.57
8175,14.61
8176,1.46
8177,1.57
8178,1.27
8179,1.35
8180,3.96
8181,1.13
8182,2.52
8183,2.3
8184,3.72
8185,1.78
8186,1.2
8187,1.72
8188,2.23
8189,1.74
8190,1.86
8191,1.48
8192,1.6
8193,13.61
8194,1.32
8195,2.21
8196,1.08
8197,2.4
8198,2.35
8199,1.99
8200,4.66
8201,2.1
8202,1.24
8203,1.01
8204,1.72
8205,2.68
8206,1.04
8207,2.95
8208,1.19
8209,1.13
8210,3.86
8211,2.36
8212,1.25
8213,1.27
8214,8.46
8215,2.89
8216,5.98
8217,1
8218,4.24
8219,1.35
8220,3.51
8221,2.44
8222,3.71
8223,8.11
8224,3.22
8225,1.09
8226,1.32
8227,3.38
8228,1.62
8229,2.13
8230,1.1
8231,7.68
8232,3.9
8233,2.33
8234,1.82
8235,2.22
8236,1.08
8237,8.52
8238,1.89
8239,6.5
8240,3.55
8241,2.8
8242,2.94
8243,1.1
8244,2.71
8245,2.46
8246,2.07
8247,1.51
8248,3.6
8249,1.05
8250,1.4
8251,1.03
8252,1
8253,1.19
8254,2.47
8255,4.7
8256,81.69
8257,3.04
8258,1
8259,2.34
8260,2.78
8261,2.15
8262,45.82
8263,1.79
8264,1.4
8265,1.27
8266,16.43
8267,392.47
8268,2.22
8269,6.26
8270,1.13
8271,2.29
8272,1.83
8273,1.07
8274,1.13
8275,1.28
8276,2.21
8277,1
8278,1.85
8279,2.05
8280,9.05
8281,1
8282,5.64
8283,2.53
8284,3.79
8285,1
8286,453.2
8287,2.61
8288,3.09
8289,1.19
8290,1.15
8291,2.21
8292,1.04
8293,1.07
8294,4.73
8295,4.04
8296,11.97
8297,1.24
8298,2.99
8299,2.05
8300,1.06
8301,1.51
8302,2.97
8303,1.94
8304,1.59
8305,1.03
8306,4.24
8307,1.27
8308,11.86
8309,1.16
8310,1.53
8311,4.67
8312,3.06
8313,2.72
8314,1.2
8315,7.1
8316,3.82
8317,1.35
8318,1.38
8319,23.44
8320,2.61
8321,1.36
8322,1.77
8323,42.81
8324,7.19
8325,1.5
8326,1.08
8327,1.45
8328,1.85
8329,1.63
8330,4.33
8331,11.19
8332,5.39
8333,1.21
8334,1.04
8335,1.05
8336,128.6
8337,7.25
8338,1.8
8339,1
8340,62.94
8341,1.18
8342,3.93
8343,1.08
8344,1.16
8345,2.15
8346,2.44
8347,1.89
8348,2.02
8349,3.12
8350,3.19
8351,11.4
8352,5.99
8353,1.14
8354,1.26
8355,4.78
8356,1.02
8357,1.91
8358,1.76
8359,1.21
8360,2.79
8361,1.05
8362,2.84
8363,3.5
8364,1.6
8365,1.3
8366,1
8367,1.3
8368,24.61
8369,6.89
8370,1.22
8371,1.5
8372,4.08
8373,9.46
8374,2.08
8375,2.11
8376,4.32
8377,2.14
8378,57.68
8379,1.27
8380,1.78
8381,1.55
8382,1.49
8383,1.83
8384,1.11
8385,1.08
8386,1.04
8387,1.15
8388,1.1
8389,70.97
8390,9.6
8391,1.34
8392,1.51
8393,1.74
8394,1.28
8395,3.89
8396,6.83
8397,1.48
8398,1.76
8399,2.33
8400,1.07
8401,1.02
8402,2.57
8403,4.89
8404,1.44
8405,1.27
8406,1.77
8407,1.41
8408,25.4
8409,2.92
8410,1.28
8411,1.23
8412,5.22
8413,107.86
8414,2.05
8415,1.23
8416,2.87
8417,24.12
8418,2.87
8419,1.39
8420,5.47
8421,1.97
8422,1.39
8423,1.1
8424,5.93
8425,1.33
8426,1.43
8427,1.31
8428,1.26
8429,2.49
8430,6.61
8431,1.06
8432,3.19
8433,1.83
8434,2.96
8435,2.11
8436,6.24
8437,5.08
8438,4.62
8439,1.13
8440,1.91
8441,2.2
8442,1.29
8443,15.79
8444,1.24
8445,4.08
8446,1.93
8447,1.02
8448,1.01
8449,1.6
8450,6.39
8451,20.35
8452,1.23
8453,1.63
8454,2.09
8455,50.14
8456,1.04
8457,3.05
8458,3.27
8459,3.1
8460,3.87
8461,1.06
8462,2.06
8463,17.54
8464,2.13
8465,5.16
8466,1.92
8467,3.8
8468,15.46
8469,2.36
8470,1.41
8471,1.02
8472,2.48
8473,1.11
8474,1.27
8475,1.76
8476,4.78
8477,5.39
8478,1.21
8479,1.19
8480,1
8481,1.45
8482,1.55
8483,4.54
8484,1.32
8485,7.72
8486,19.21
8487,1.58
8488,1.15
8489,1.83
8490,7.14
8491,3.42
8492,2.04
8493,1.08
8494,19.66
8495,1.52
8496,40.93
8497,2.74
8498,1
8499,44.58
8500,3
8501,2.56
8502,1.05
8503,7.01
8504,13.85
8505,2.28
8506,1.56
8507,5.51
8508,1.36
8509,1.11
8510,1.56
8511,4.18
8512,2.91
8513,1.69
8514,1.2
8515,1.78
8516,12.77
8517,4.78
8518,1.02
8519,2.13
8520,1.53
8521,16.26
8522,19.36
8523,1.08
8524,1.26
8525,1.11
8526,2.52
8527,2.1
8528,1.31
8529,7.66
8530,1
8531,7.46
8532,18.21
8533,2.08
8534,2.18
8535,1.06
8536,3.7
8537,4.96
8538,2.29
8539,3.5
8540,1.42
8541,5.42
8542,1
8543,1.2
8544,8.58
8545,1
8546,152.26
8547,1.93
8548,1
8549,2.35
8550,1.69
8551,29.8
8552,8
8553,2.59
8554,1.19
8555,1.69
8556,1.33
8557,41.51
8558,1.9
8559,3.51
8560,15.4
8561,12.92
8562,1.09
8563,1.33
8564,11.83
8565,6.04
8566,9.62
8567,2.09
8568,2.42
8569,1.38
8570,1.01
8571,8.79
8572,2.42
8573,1.61
8574,2.58
8575,4.72
8576,1.72
8577,2.04
8578,1.46
8579,1.06
8580,2.77
8581,2.76
8582,2.99
8583,1.96
8584,1.03
8585,3.18
8586,41.93
8587,11.91
8588,1.68
8589,2.91
8590,2.47
8591,1.81
8592,5.65
8593,1.36
8594,1.63
8595,4.89
8596,1.07
8597,5.28
8598,1
8599,1.19
8600,10.58
8601,45.13
8602,1.97
8603,2.16
8604,1.11
8605,1.24
8606,3.31
8607,1.83
8608,1.97
8609,1.4
8610,1.94
8611,1.87
8612,1.22
8613,1.43
8614,1.04
8615,3.03
8616,1.14
8617,1.01
8618,1.26
8619,2.18
8620,1.45
8621,5.43
8622,1.38
8623,4.36
8624,1.56
8625,5.48
8626,1.52
8627,2.87
8628,1.14
8629,3.57
8630,3.84
8631,7.3
8632,1.06
8633,1.31
8634,1.13
8635,1.59
8636,2.37
8637,6.39
8638,24.2
8639,1.5
8640,1.71
8641,7.28
8642,1.69
8643,6.74
8644,2.58
8645,1.38
8646,1.23
8647,1.26
8648,3.71
8649,2.12
8650,1.27
8651,1.38
8652,1.06
8653,2.43
8654,1.32
8655,2.31
8656,2.44
8657,1.38
8658,1.53
8659,3.29
8660,1.7
8661,2.76
8662,2.13
8663,13.52
8664,2.43
8665,1.03
8666,2.31
8667,12.37
8668,1.44
8669,1.19
8670,3.43
8671,1.77
8672,3.17
8673,1.85
8674,2.61
8675,134.36
8676,2.32
8677,1.89
8678,107.51
8679,1.05
8680,1.75
8681,2.95
8682,1.17
8683,1.17
8684,1.11
8685,1
8686,7.62
8687,1.32
8688,1
8689,2.35
8690,1.37
8691,1.04
8692,4.53
8693,2.54
8694,1.25
8695,1.31
8696,2.21
8697,1.04
8698,2.24
8699,4.36
8700,1.99
8701,6.45
8702,1.36
8703,1.82
8704,1.73
8705,10.3
8706,1.32
8707,1
8708,3.19
8709,1.5
8710,1.08
8711,1.02
8712,1
8713,1.01
8714,1.05
8715,1.01
8716,1.67
8717,1.52
8718,1.85
8719,1.45
8720,1.16
8721,1.15
8722,2.6
8723,3.96
8724,1.1
8725,1.53
8726,1.35
8727,2654.81
8728,1.89
8729,45.87
8730,2.48
8731,1.07
8732,1.03
8733,2.85
8734,1.68
8735,3.61
8736,4.79
8737,4.36
8738,29.14
8739,2.24
8740,1.93
8741,5.39
8742,5.53
8743,1.21
8744,1.3
8745,1.88
8746,1.62
8747,2.01
8748,2.07
8749,5.65
8750,3.51
8751,5.46
8752,1.53
8753,1.68
8754,4.64
8755,1.09
8756,1.73
8757,4.17
8758,6.39
8759,168.75
8760,4.28
8761,6.73
8762,1.94
8763,1.46
8764,19.42
8765,1.23
8766,1.3
8767,1.19
8768,1.24
8769,1.51
8770,1.52
8771,3.6
8772,7.69
8773,18.26
8774,5.57
8775,1.05
8776,1.23
8777,4.35
8778,1.88
8779,1.37
8780,1.2
8781,6.92
8782,3.27
8783,4.01
8784,1.14
8785,3.2
8786,21.52
8787,1.99
8788,1.13
8789,13.77
8790,3.04
8791,7
8792,1
8793,6.48
8794,1.61
8795,1.17
8796,1.6
8797,1.68
8798,1.25
8799,3.24
8800,1.99
8801,38.46
8802,2.43
8803,1.32
8804,1.55
8805,1.23
8806,12.74
8807,1.2
8808,1.04
8809,1.56
8810,2.18
8811,1.42
8812,2.1
8813,7.98
8814,10.55
8815,1.05
8816,1.03
8817,4.76
8818,1.12
8819,35.13
8820,12.75
8821,3.16
8822,1.07
8823,1.25
8824,3.79
8825,3.41
8826,3.87
8827,6.03
8828,1.05
8829,5.18
8830,2.23
8831,1.23
8832,2.92
8833,1.26
8834,14.33
8835,1.34
8836,1.26
8837,1.3
8838,1.33
8839,1.2
8840,3.54
8841,12.92
8842,1.4
8843,10.33
8844,11.56
8845,1.25
8846,2.38
8847,7.63
8848,1.82
8849,2.09
8850,6.85
8851,2.35
8852,11.82
8853,1.19
8854,4.31
8855,1.88
8856,1.52
8857,3.25
8858,1.55
8859,5.9
8860,4.88
8861,2.14
8862,1.76
8863,2.02
8864,1.29
8865,1.93
8866,2.87
8867,1.69
8868,2.93
8869,1.44
8870,2.15
8871,2.26
8872,1.95
8873,1.63
8874,1
8875,1.6
8876,4.05
8877,2.96
8878,6.09
8879,257.75
8880,1.64
8881,4.22
8882,7.32
8883,1.48
8884,1.29
8885,6.34
8886,2.62
8887,5.65
8888,7.5
8889,1.07
8890,1.15
8891,4.34
8892,7.7
8893,1.18
8894,1.56
8895,1.85
8896,2.56
8897,1.19
8898,1.36
8899,1.32
8900,12.68
8901,1.19
8902,1.09
8903,1.06
8904,1.44
8905,2.22
8906,6.42
8907,2.11
8908,1.35
8909,1
8910,5.87
8911,2.37
8912,4.15
8913,1.27
8914,14.83
8915,2.7
8916,1.53
8917,1.18
8918,1.36
8919,1.02
8920,1.39
8921,1.14
8922,1.12
8923,23.92
8924,1.29
8925,1.8
8926,1.4
8927,3.29
8928,2.04
8929,1.28
8930,7.35
8931,1.69
8932,3.74
8933,1.01
8934,3.46
8935,1.16
8936,1
8937,7.48
8938,1.22
8939,2.17
8940,1.28
8941,1.22
8942,1.96
8943,2
8944,3.13
8945,1.01
8946,1.04
8947,2.34
8948,1.2
8949,1.53
8950,2.41
8951,2.27
8952,1.53
8953,111.87
8954,2.96
8955,1.55
8956,1.56
8957,2.79
8958,1.47
8959,3.14
8960,4.93
8961,1.78
8962,2.68
8963,2.24
8964,74.47
8965,9.28
8966,1.08
8967,1.09
8968,1.24
8969,1.6
8970,1.21
8971,38.52
8972,7.4
8973,2.59
8974,1.72
8975,5.84
8976,5.12
8977,7.45
8978,5.46
8979,1.86
8980,1.27
8981,3.75
8982,2.92
8983,1.59
8984,4.99
8985,1.16
8986,1.67
8987,1.29
8988,3.34
8989,1.1
8990,1.66
8991,1.57
8992,1.86
8993,1
8994,1.94
8995,13.09
8996,1.7
8997,6.37
8998,1.28
8999,2.68
9000,4.74
9001,2.1
9002,1.28
9003,3.79
9004,2.1
9005,3.71
9006,1.63
9007,6.04
9008,1.21
9009,5.29
9010,4.2
9011,33.96
9012,2.76
9013,1.72
9014,1.19
9015,1.83
9016,1.67
9017,7.47
9018,7.73
9019,1.09
9020,744.42
9021,5.91
9022,1.24
9023,1.09
9024,2
9025,2
9026,7.49
9027,1.38
9028,1.61
9029,7.86
9030,1.74
9031,36.07
9032,2.27
9033,3.48
9034,2.54
9035,10
9036,1.1
9037,1.91
9038,1.09
9039,2.1
9040,1.3
9041,1.72
9042,1.37
9043,2.94
9044,1.4
9045,1.26
9046,8.22
9047,39.65
9048,1.73
9049,1.95
9050,7.1
9051,1.79
9052,3.19
9053,13.87
9054,7.37
9055,2.19
9056,1.07
9057,2.74
9058,1.08
9059,1.27
9060,1.32
9061,1.39
9062,1.34
9063,2.18
9064,6.42
9065,1.81
9066,4.63
9067,5.07
9068,1.77
9069,3.05
9070,2.05
9071,1.54
9072,2.28
9073,1.27
9074,1
9075,1.42
9076,19.01
9077,366.78
9078,1.09
9079,1.34
9080,1.22
9081,6.65
9082,1.48
9083,10.94
9084,96.84
9085,2.39
9086,1.13
9087,2.85
9088,1
9089,1.1
9090,1.19
9091,1.3
9092,3.36
9093,1.53
9094,47.46
9095,1.32
9096,1
9097,1.54
9098,1.48
9099,2.52
9100,2.07
9101,10.34
9102,1.06
9103,12.57
9104,2.14
9105,29.34
9106,1.17
9107,215.91
9108,4.65
9109,6.1
9110,1.29
9111,3.94
9112,3.94
9113,4.83
9114,1.46
9115,4.51
9116,2.48
9117,1.09
9118,1.68
9119,1.69
9120,1.77
9121,1.89
9122,1.32
9123,1.14
9124,23.69
9125,1.45
9126,1.01
9127,1.08
9128,1.92
9129,1.94
9130,1
9131,4.75
9132,1.46
9133,1.05
9134,1.22
9135,2.7
9136,2.71
9137,2.49
9138,2.2
9139,3.65
9140,1.27
9141,1.26
9142,5.4
9143,1.27
9144,9.3
9145,2.29
9146,1
9147,4.03
9148,3.96
9149,1.56
9150,7.01
9151,1.39
9152,2.74
9153,2.94
9154,4.28
9155,4.66
9156,1.29
9157,3.05
9158,1.3
9159,1.33
9160,1.16
9161,67.69
9162,4.53
9163,8.76
9164,1.04
9165,1.12
9166,4.23
9167,1.36
9168,1.2
9169,3.01
9170,1.4
9171,1.34
9172,2.47
9173,5.03
9174,1
9175,3.31
9176,1.11
9177,10.46
9178,916.96
9179,2.05
9180,10.75
9181,33.81
9182,1.48
9183,2.79
9184,2.93
9185,1.29
9186,1.25
9187,4.59
9188,2.92
9189,1.93
9190,6.77
9191,1
9192,35.74
9193,1.67
9194,1.22
9195,19.58
9196,2.86
9197,4.88
9198,1.21
9199,3.55
9200,13.72
9201,1.53
9202,1.5
9203,1.86
9204,1.09
9205,2.03
9206,1.04
9207,10.08
9208,23.51
9209,4.04
9210,2.79
9211,1.26
9212,7.1
9213,1.32
9214,3.57
9215,1.6
9216,15.39
9217,37.88
9218,1.45
9219,2.11
9220,2.66
9221,3.24
9222,1.38
9223,1.46
9224,1.28
9225,1.13
9226,1
9227,1.17
9228,1.79
9229,1.3
9230,2.31
9231,1.14
9232,2.21
9233,5.56
9234,3.8
9235,1.3
9236,4.76
9237,4.89
9238,4.75
9239,2.38
9240,3.76
9241,1.14
9242,3.81
9243,1.89
9244,1.77
9245,1.79
9246,7.09
9247,2.84
9248,3.06
9249,1.45
9250,1.72
9251,1.1
9252,3.63
9253,1.63
9254,2.68
9255,1.82
9256,2.25
9257,1.63
9258,3.58
9259,1.92
9260,1.03
9261,1.03
9262,1.27
9263,1.72
9264,2
9265,1.63
9266,2.06
9267,1.2
9268,5.74
9269,1.27
9270,26.68
9271,3.43
9272,1.44
9273,2.95
9274,1.12
9275,2.29
9276,2.7
9277,2.93
9278,1.13
9279,1.83
9280,1.6
9281,1.89
9282,9.64
9283,2.24
9284,1.03
9285,7.95
9286,1.53
9287,3.66
9288,6.01
9289,1.39
9290,1.28
9291,3.51
9292,1.71
9293,1.82
9294,1.11
9295,1.35
9296,7.62
9297,6.66
9298,1.57
9299,1.09
9300,2.21
9301,22.6
9302,2.06
9303,5.96
9304,11.09
9305,1.39
9306,2.76
9307,1.35
9308,1.25
9309,2.49
9310,1.42
9311,1.27
9312,7.15
9313,3.98
9314,1.38
9315,4.54
9316,1.93
9317,1
9318,1.89
9319,17.04
9320,1.25
9321,1.99
9322,10.49
9323,4.3
9324,1.12
9325,1.8
9326,1
9327,1.03
9328,2.84
9329,1.78
9330,1.41
9331,1.31
9332,2.61
9333,82.34
9334,7.94
9335,1.99
9336,1.7
9337,3.59
9338,1.07
9339,1.05
9340,2.9
9341,1.16
9342,1.86
9343,1.87
9344,1.16
9345,9.57
9346,45.38
9347,2.07
9348,3.72
9349,1.17
9350,2
9351,1.19
9352,3.12
9353,54.39
9354,1.74
9355,2.1
9356,3.23
9357,1.96
9358,1.45
9359,1.02
9360,8.32
9361,2.49
9362,1.45
9363,2.99
9364,1.13
9365,4.24
9366,2.68
9367,1.72
9368,1.57
9369,1.03
9370,3.08
9371,1.61
9372,4.87
9373,8.96
9374,1.2
9375,7.62
9376,1.09
9377,2.07
9378,16.76
9379,10.42
9380,1.52
9381,1.71
9382,6.71
9383,1.12
9384,2.23
9385,2.33
9386,3.65
9387,3.84
9388,1.11
9389,2.41
9390,2.01
9391,4.84
9392,1.05
9393,1.15
9394,5.16
9395,3.08
9396,1054.6
9397,3.71
9398,2.42
9399,4.43
9400,1.42
9401,1.07
9402,1.28
9403,1.05
9404,1.04
9405,5.52
9406,2.67
9407,3.76
9408,6.99
9409,2.12
9410,2.08
9411,2.16
9412,1.18
9413,5.48
9414,2.47
9415,1.08
9416,1.17
9417,2.04
9418,1.62
9419,1.25
9420,1
9421,1.99
9422,1.11
9423,2.15
9424,3.76
9425,4.55
9426,19.76
9427,1.23
9428,3.01
9429,2.92
9430,2.23
9431,1.71
9432,4.15
9433,4.91
9434,1.02
9435,82.67
9436,6.53
9437,2
9438,19.57
9439,18.73
9440,6.1
9441,1.47
9442,2.49
9443,22.57
9444,1.42
9445,1.92
9446,1.23
9447,1.43
9448,63.17
9449,265.63
9450,1.22
9451,1.11
9452,1.88
9453,1.14
9454,4.23
9455,1.34
9456,1.07
9457,1.16
9458,1.15
9459,2.9
9460,2.9
9461,2.92
9462,1.64
9463,1.2
9464,1.11
9465,1.18
9466,1.13
9467,3.5
9468,3.45
9469,3.93
9470,57.24
9471,1.36
9472,5.21
9473,1
9474,1.62
9475,1
9476,97.29
9477,1.89
9478,3.45
9479,2.75
9480,1.32
9481,1.01
9482,1.27
9483,1.32
9484,1.08
9485,7.82
9486,1.25
9487,4.44
9488,2.37
9489,2.78
9490,4.07
9491,1.46
9492,2.1
9493,4.34
9494,1.21
9495,6.96
9496,1.37
9497,4.14
9498,36.18
9499,2.27
9500,1.72
9501,1.23
9502,7.83
9503,1
9504,1.15
9505,1.37
9506,4.28
9507,2.7
9508,1.25
9509,12.4
9510,2.51
9511,4.01
9512,4
9513,1.09
9514,2.95
9515,1.83
9516,4.63
9517,3.89
9518,2.95
9519,1.1
9520,11.32
9521,1.62
9522,2.76
9523,3.21
9524,5.83
9525,3.36
9526,41.65
9527,4.84
9528,1.47
9529,2.35
9530,1.14
9531,2.03
9532,1.92
9533,2.58
9534,1.41
9535,1.08
9536,9.59
9537,2.77
9538,9.74
9539,6.21
9540,10.54
9541,1.26
9542,1.83
9543,5.23
9544,1.39
9545,6.62
9546,17.7
9547,1.06
9548,2.3
9549,24.91
9550,1.27
9551,3.49
9552,1.37
9553,1.42
9554,2.9
9555,2.3
9556,35.98
9557,1.17
9558,1.19
9559,2.61
9560,31.96
9561,3.88
9562,2.34
9563,2.7
9564,4.68
9565,1.24
9566,10.55
9567,1.79
9568,78.86
9569,1.57
9570,1.09
9571,1
9572,2.59
9573,1.41
9574,1.55
9575,7.9
9576,1.91
9577,1.14
9578,1.41
9579,1.4
9580,1.74
9581,1.36
9582,10.17
9583,1.31
9584,1.22
9585,5.05
9586,2.48
9587,1.26
9588,2.62
9589,1.39
9590,2.01
9591,1.76
9592,2.64
9593,1.4
9594,1.08
9595,1.52
9596,1.96
9597,2.07
9598,2.98
9599,1.04
9600,2.56
9601,1.1
9602,2.41
9603,1.3
9604,2.43
9605,1.32
9606,1.31
9607,1.83
9608,2.73
9609,2.51
9610,1
9611,3.1
9612,1.78
9613,1.94
9614,235.26
9615,1.25
9616,4.07
9617,1
9618,1.63
9619,1.56
9620,1.78
9621,1.26
9622,12.61
9623,1.1
9624,2.46
9625,1.64
9626,1.01
9627,1.58
9628,1.83
9629,8.56
9630,1.47
9631,37.69
9632,1.34
9633,1
9634,2.02
9635,1.24
9636,2.05
9637,2.77
9638,1.38
9639,2.68
9640,1.69
9641,1.73
9642,1.69
9643,1.7
9644,3.69
9645,1
9646,1.29
9647,12.12
9648,1.6
9649,3.54
9650,5.23
9651,2.42
9652,2.08
9653,1.04
9654,2.8
9655,1.41
9656,4.32
9657,3.31
9658,1.8
9659,3.56
9660,1.37
9661,1.77
9662,2.07
9663,21.54
9664,1.61
9665,1.41
9666,2.86
9667,1.05
9668,1.79
9669,5.87
9670,2.13
9671,1.7
9672,5.39
9673,3.54
9674,1.5
9675,2.67
9676,2.5
9677,1
9678,15.29
9679,49.09
9680,1.22
9681,1.85
9682,1.26
9683,7.27
9684,1.3
9685,2.63
9686,5.5
9687,1.29
9688,5.83
9689,2.21
9690,5.24
9691,4.55
9692,3.1
9693,16.13
9694,1.24
9695,1.28
9696,1.02
9697,1
9698,1.24
9699,1
9700,1
9701,4.37
9702,1
9703,3.42
9704,6.94
9705,5.19
9706,1.8
9707,4.58
9708,2.58
9709,5.84
9710,1.06
9711,10.62
9712,1.14
9713,5.93
9714,1.06
9715,2.54
9716,1
9717,2.07
9718,1.94
9719,1.2
9720,1.47
9721,1.04
9722,1.91
9723,2.58
9724,1.67
9725,3.8
9726,1.08
9727,9.15
9728,1.31
9729,7.64
9730,1.08
9731,2.33
9732,1
9733,23.49
9734,5.97
9735,1.68
9736,1.36
9737,1.8
9738,1.21
9739,1.08
9740,1
9741,1.52
9742,1.74
9743,1.51
9744,7.97
9745,1.15
9746,8.38
9747,1.08
9748,1.17
9749,13.73
9750,4.05
9751,4.46
9752,5.04
9753,1.09
9754,5.23
9755,1.07
9756,2.57
9757,9.05
9758,2.07
9759,1.59
9760,2.75
9761,3.55
9762,30.01
9763,1.72
9764,1.5
9765,47.45
9766,1.52
9767,12.87
9768,1.66
9769,1.1
9770,1.06
9771,3.96
9772,1.7
9773,1.35
9774,1.23
9775,2.97
9776,4.96
9777,1.57
9778,1.36
9779,1.51
9780,4.92
9781,2.81
9782,2.86
9783,10.55
9784,26.01
9785,1.15
9786,1.57
9787,1.03
9788,1.43
9789,1.01
9790,1.99
9791,2.88
9792,1.25
9793,2.11
9794,5.35
9795,1.27
9796,36.86
9797,1.96
9798,1.85
9799,5.48
9800,2.08
9801,2.37
9802,2.5
9803,1.12
9804,2.52
9805,2.28
9806,2.18
9807,1.8
9808,1.75
9809,10.94
9810,13.54
9811,1.3
9812,22.02
9813,12.94
9814,23.17
9815,1.32
9816,2.2
9817,4.74
9818,5.12
9819,1.98
9820,1.07
9821,1.1
9822,1.24
9823,5.78
9824,1.35
9825,1.39
9826,1.95
9827,2.14
9828,13.83
9829,3.63
9830,1.13
9831,1.61
9832,1.3
9833,1.4
9834,1.71
9835,1.9
9836,3.3
9837,3.2
9838,1.97
9839,1.38
9840,1.24
9841,3.07
9842,2.33
9843,28.24
9844,1.08
9845,1.8
9846,2.41
9847,2.55
9848,2.42
9849,7.02
9850,13.55
9851,3.32
9852,1.31
9853,1.22
9854,173.96
9855,1.48
9856,3.49
9857,21.58
9858,2.46
9859,1.54
9860,1.9
9861,1.01
9862,1.09
9863,2.94
9864,3.22
9865,1.01
9866,1.23
9867,2.41
9868,1.46
9869,1.42
9870,1.03
9871,2.65
9872,1.67
9873,1.82
9874,1.96
9875,3.87
9876,1.06
9877,4.89
9878,1.2
9879,3.83
9880,136.6
9881,2.06
9882,1.33
9883,1.31
9884,3.35
9885,1.91
9886,8.82
9887,6.57
9888,1.23
9889,1.7
9890,1.69
9891,1.77
9892,1.32
9893,1.13
9894,1.2
9895,1.19
9896,1.47
9897,2.44
9898,1.65
9899,330
9900,1.72
9901,3.83
9902,1.08
9903,1.32
9904,157.29
9905,1.41
9906,1.1
9907,4.5
9908,6.84
9909,6.02
9910,5.73
9911,9.9
9912,1.19
9913,8.55
9914,1.56
9915,1.09
9916,1.21
9917,2.11
9918,2.26
9919,1.22
9920,29.98
9921,1.27
9922,3.2
9923,1.3
9924,1.36
9925,1.47
9926,60.59
9927,1.02
9928,1.27
9929,7.19
9930,87.97
9931,1
9932,1.14
9933,16.51
9934,1
9935,4.41
9936,2.25
9937,9.69
9938,44.69
9939,7.31
9940,3.73
9941,1.15
9942,2
9943,1.37
9944,1.02
9945,7.8
9946,4.2
9947,1.27
9948,1.45
9949,2.95
9950,1.08
9951,1.46
9952,1
9953,1.33
9954,1.07
9955,3.49
9956,13.53
9957,1.48
9958,1.01
9959,12.63
9960,2.79
9961,1.26
9962,1.13
9963,15.7
9964,9.46
9965,1.13
9966,5.85
9967,1.06
9968,25.88
9969,1.69
9970,1.67
9971,1.34
9972,2.54
9973,1.74
9974,1
9975,2.19
9976,2.05
9977,1
9978,14.37
9979,1.57
9980,1.68
9981,1.02
9982,1.32
9983,3.25
9984,1.41
9985,1.22
9986,1.43
9987,4.83
9988,5.03
9989,1.28
9990,1.43
9991,1.31
9992,1.03
9993,1.43
9994,1
9995,5.57
9996,4.25
9997,1.78
9998,1
9999,1.91
10000,1.63
